<?xml version="1.0"?>
<drivers id="TMS470Rxx">
	<isa Type="ARM9"  XML_version="1.2" ProcID="0x75800bF9">
		<driver file="../../simulation/unsup/cp_2011_12/env/ccs/drivers/tisim_arm926.dvr">
			<connectionType Type="TISIM"/>
		</driver>
	</isa>
	<driverProperties>
	    <version number="1.0"/>
	    <choicelist id="Endianess" type="string_list">
	      <choice value="Little Endian"/>
	      <choice value="Big Endian"/>
	    </choicelist>
	    <hierarchy>
	      <hchoice depends="none" key="Endianess"/>
	    </hierarchy>
	    <current>
	      <cchoice key="Endianess" value="Little Endian"/>
	    </current>
	  </driverProperties>
</drivers>
