<?xml version="1.0"?>
<drivers id="TMS470Cxx">
	<isa Type="Cortex_R4" XML_version="1.2" ProcID="0x758037F9">
		<driver file="../../simulation/unsup/cp_2011_12/env/ccs/drivers/tisim_isa_armxx.dvr">
			<connectionType Type="TISIM" />
		</driver>
	</isa>
	
	<isa Type="Cortex_M3" XML_version="1.2" ProcID="0x75803BF9">
		<driver file="../../simulation/unsup/cp_2011_12/env/ccs/drivers/tisim_isa_armxx.dvr">
			<connectionType Type="TISIM" />
		</driver>
	</isa>
	<isa Type="ARM9" XML_version="1.2" ProcID="0x75800BF9">
		<driver file="../../simulation/unsup/cp_2011_12/env/ccs/drivers/tisim_isa_armxx.dvr">
			<connectionType Type="TISIM" />
		</driver>
	</isa>	
	<driverProperties>
		<version number="1.0"></version>
		<!--
		//! @copyright  TEXAS INSTRUMENTS PROPRIETARY INFORMATION
		//!
		//! Property of Texas Instruments  For Unrestricted Internal Use Only  
		//! Unauthorized reproduction and/or distribution is strictly prohibited. 
		//! This product is protected under copyright law and trade secret law as 
		//! an unpublished work, Created 2003, (C) Copyright 2002-2003, Texas Instruments. 
		//! All rights reserved.
		-->
		<choicelist id="Device" type="string_list" must="true">
			<choice value="ARM9e">
				<choicelist id="High Vectors" type="string_list" must="true">
					<choice value="Enabled">
						<inference key="FixedEntry" value="CFG" value2="HIGH_VECTORS 1" />
						<inference key="summary" value=" - Interrupt Vector table at 0xffff0000" />
					</choice>
					<choice value="Disabled">
						<inference key="FixedEntry" value="CFG" value2="HIGH_VECTORS 0" />
						<inference key="summary" value=" - Interrupt Vector table at 0x00000000" />
					</choice>
				</choicelist>
				<choicelist id="Endianness " type="string_list" must="true">
					<choice value="Little Endian">
						<inference key="FixedEntry" value="CFG" value2="ARM_ENDIANNESS 0" />
					</choice>
					<choice value="Big Endian">
						<inference key="FixedEntry" value="CFG" value2="ARM_ENDIANNESS 1" />
					</choice>
				</choicelist>
				<inference key="summary" value="Simulates the ARM9e processor (CPU core cycle count accurate). Supports 4GB flat memory, basic support for CP15 registers"></inference>
				<inference key="FixedPathEntry" value="Config File" value2="../../../simulation/unsup/cp_2011_12/bin/configurations/tisim_armxx_9e_pv_ca.cfg"></inference>
				<inference key="FixedPathEntry" value="Gel__" value2="../../../simulation/unsup/cp_2011_12/env/ccs/import/tisim_armxx.gel"></inference>
				<inference key="FixedEntry" value="BOARDNAME" value2="ARM9e CPU Simulator"></inference>
			</choice>
			<choice value="Cortex-M3">
				<choicelist id="Endianness " type="string_list" must="true">
					<choice value="Little Endian">
						<inference key="FixedEntry" value="CFG" value2="ARM_ENDIANNESS 0" />
					</choice>
					<choice value="Big Endian (BE-8)">
						<inference key="FixedEntry" value="CFG" value2="ARM_ENDIANNESS 2" />
					</choice>
					<choice value="Big Endian">
						<inference key="FixedEntry" value="CFG" value2="ARM_ENDIANNESS 1" />
					</choice>
				</choicelist>
				<choicelist id="Number of Interrupt Supported" type="numeric" must="true" lower_range="1" upper_range="240">
					<choice value="8">
					</choice>
				</choicelist>
				<choicelist id="Type of MPU" type="string_list" must="true">
					<choice value="Supports 8 Regions">
						<inference key="FixedEntry" value="CFG" value2="MPU_REGION_COUNT 8" />
						<inference key="summary" value=" - MPU supports 8 regions" />
					</choice>
					<choice value="None">
						<inference key="summary" value=" - MPU not available" />
					</choice>
				</choicelist>
				<choicelist id="Simulator Type" type="string_list" must="true">
					<choice value="Cycle Accurate">
						<inference key="FixedPathEntry" value="Config File" value2="../../../simulation/unsup/cp_2011_12/bin/configurations/tisim_armxx_m3_ca.cfg"></inference>
						<inference key="summary" value=" - Cycle Accurate" />
						<inference key="summary" value=" - Systick is supported" />
					</choice>
					<choice value="Functional">
						<inference key="FixedPathEntry" value="Config File" value2="../../../simulation/unsup/cp_2011_12/bin/configurations/tisim_armxx_m3_pv.cfg"></inference>
						<inference key="summary" value=" - Functional" />
						<inference key="summary" value=" - Systick is supported" />
					</choice>
				</choicelist>
				<inference key="summary" value="Simulates the Cortex-M3 CPU processor (Cycle Accurate). Supports ICODE, DCODE, SYSBUS interfaces; MPU and Basic Exception Model"></inference>
				<inference key="FixedPathEntry" value="Gel__" value2="../../../simulation/unsup/cp_2011_12/env/ccs/import/tisim_armxx.gel"></inference>
				<inference key="FixedEntry" value="BOARDNAME" value2="Cortex-M3 CPU Simulator"></inference>
			</choice>
			<choice value="Cortex-R4">
				<choicelist id="High Vectors" type="string_list" must="true">
					<choice value="Enabled">
						<inference key="FixedEntry" value="CFG" value2="HIGH_VECTORS 1" />
						<inference key="summary" value=" - Interrupt Vector table at 0xffff0000" />
					</choice>
					<choice value="Disabled">
						<inference key="FixedEntry" value="CFG" value2="HIGH_VECTORS 0" />
						<inference key="summary" value=" - Interrupt Vector table at 0x00000000" />
					</choice>
				</choicelist>
				<choicelist id="Endianness " type="string_list" must="true">
					<choice value="Little Endian">
						<inference key="FixedEntry" value="CFG" value2="ARM_ENDIANNESS 0" />
					</choice>
					<choice value="Big Endian (BE-8)">
						<inference key="FixedEntry" value="CFG" value2="ARM_ENDIANNESS 2" />
					</choice>
					<choice value="Big Endian">
						<inference key="FixedEntry" value="CFG" value2="ARM_ENDIANNESS 1" />
					</choice>
				</choicelist>
				<choicelist id="FIQ is Non Maskable" type="string_list" must="true">
					<choice value="Yes">
						<inference key="FixedEntry" value="CFG" value2="CFGNMFI 1" />
						<inference key="summary" value=" - FIQ is Non Maskable" />
					</choice>
					<choice value="No">
						<inference key="FixedEntry" value="CFG" value2="CFGNMFI 0" />
						<inference key="summary" value=" - FIQ is Maskable" />
					</choice>
				</choicelist>
				<choicelist id="Exception Handling State" type="string_list" must="true">
					<choice value="ARM">
						<inference key="FixedEntry" value="CFG" value2="THUMB_EXCEPTIONS 0" />
						<inference key="summary" value=" - Exception handling is in ARM state" />
					</choice>
					<choice value="Thumb">
						<inference key="FixedEntry" value="CFG" value2="THUMB_EXCEPTIONS 1" />
						<inference key="summary" value=" - Exception handling is in THUMB state" />
					</choice>
				</choicelist>
				<inference key="summary" value="Simulates the Cortex-R4 CPU processor. Supports 4GB flat memory with mixed-endianness and unaligned memory accesses, basic support for CP15 registers"></inference>
				<inference key="FixedPathEntry" value="Config File" value2="../../../simulation/unsup/cp_2011_12/bin/configurations/tisim_armxx_r4_pv.cfg"></inference>
				<inference key="FixedPathEntry" value="Gel__" value2="../../../simulation/unsup/cp_2011_12/env/ccs/import/tisim_armxx.gel"></inference>
				<inference key="FixedEntry" value="BOARDNAME" value2="Cortex-R4 CPU Simulator"></inference>
			</choice>
		</choicelist>
		<hierarchy>
			<hchoice key="Device" depends="none"></hchoice>
			<hchoice key="Endianness " depends="Device"></hchoice>
			<hchoice key="Simulator Type" depends="Device"></hchoice>
			<hchoice key="Endianness" depends="Device"></hchoice>
			<hchoice key="Exception Handling State" depends="Device"></hchoice>
			<hchoice key="Exception Handling State " depends="Device"></hchoice>
			<hchoice key="High Vectors" depends="Device"></hchoice>
			<hchoice key="FIQ is Non Maskable" depends="Device"></hchoice>
			<hchoice key="Type of MPU" depends="Device"></hchoice>
			<hchoice key="Number of Interrupt Supported" depends="Device"></hchoice>
		</hierarchy>
		<current>
			<cchoice key="Device" value="Cortex-M3" cfg_key="CORE_TYPE"></cchoice>
			<cchoice key="Endianness " value="Little Endian"></cchoice>
			<cchoice key="Simulator Type" value="Functional"></cchoice>
			<cchoice key="Endianness" value="Little Endian"></cchoice>
			<cchoice key="High Vectors" value="Disabled"></cchoice>
			<cchoice key="FIQ is Non Maskable" value="No"></cchoice>
			<cchoice key="Exception Handling State " value="Thumb"></cchoice>
			<cchoice key="Exception Handling State" value="ARM"></cchoice>
			<cchoice key="Type of MPU" value="None"></cchoice>
			<cchoice key="Number of Interrupt Supported" value="8" cfg_key="CM3_MAX_INTERRUPTS"></cchoice>
		</current>
	</driverProperties>
</drivers>
