<?xml version="1.0" encoding="UTF-8" standalone="no" ?>

  <configuration XML_version="1.2" id="configuration_0" description="Simulates the F283x Core in a cycle accurate manner. Also supports a flat memory system. No peripherals are modeled.">
    <instance XML_version="1.2" href="connections/tisim_connection.xml" id="F283x CPU Cycle Accurate Simulator" xml="tisim_connection.xml" xmlpath="connections/"/>
    <connection XML_version="1.2" id="F283x CPU Cycle Accurate Simulator">
	    <instance XML_version="1.2" href="drivers/tisim_isa_f283xx_unsup.xml" id="drivers" xml="tisim_isa_f283xx_unsup.xml" xmlpath="drivers/"/>
      <drivers XML_version="1.2" id="drivers"/>
      <platform XML_version="1.2" id="platform_0">
        <cpu HW_revision="" XML_version="1.2" desc="TMS320F283XX_0" description="" id="device_0" isa="TMS320F283XX">
		<property Type="filepathfield" Value="drivers/tisim_isa_f283xx_unsup.xml" id="dataFile"/>
		<property Type="filepathfield" Value="../../../simulation/unsup/cp_2011_12/bin/configurations/tisim_f283xx_ca.cfg" id="Simulator Configuration File"/>
        </cpu>
      </platform>
    </connection>
  </configuration>

