<?xml version="1.0" encoding="UTF-8" standalone="no" ?>

  <configuration XML_version="1.2" id="configuration_0" description="Simulates the C64x+ core, MegaModule, SCR, EDMAEDMA3CC, EDMA3TC, Timers(3), EMIF, McBSP and external memory. It does not simulate the ARM Sub-system, video port, HWAs, EMAC, HPI, MMC/SD, ATA/CF, ASP, I2C, UART, SPI, VLYNQ &amp; USB.  This device cycle accurate configuration is suitable for DSP sub-system application development and benchmarking. &#xA; Note on other configurations available for this processor: &#xA; * For core level or Megamodule level algorithm development or benchmarking, use the C64x+ CPU Cycle Accurate Simulator or C64x+ Megamodule Cycle Accurate Simulator available in &quot;General Setup&quot;. These configurations are much faster than the device level configurations. &#xA; * There is no corresponding device level functional simulator.">
    <instance XML_version="1.2" href="connections/tisim_connection.xml" id="DM6443 Device Cycle Accurate Simulator, Big Endian" xml="tisim_connection.xml" xmlpath="connections/"/>
    <connection XML_version="1.2" id="DM6443 Device Cycle Accurate Simulator, Big Endian">
      <instance XML_version="1.2" href="drivers/tisim_c6xxx_joule_unsup.xml" id="drivers" xml="tisim_c6xxx_joule_unsup.xml" xmlpath="drivers/"/>
      <drivers XML_version="1.2" id="drivers"/>
      <platform XML_version="1.2" id="platform_10">
        <device HW_revision="" XML_version="1.2" desc="DM6443" description="" id="device_0" partnum="TMS0C00">
          <property Type="stringfield" Value="real time" id="Startup Mode"/>
          <cpu HW_revision="" XML_version="1.2" desc="TMS320C64X+" description="" id="device_1" isa="TMS320C64XP">
            <property Type="filepathfield" Value="drivers/tisim_c6xxx_joule_unsup.xml" id="dataFile"/>
	  	    <property Type="filepathfield" Value="../../../simulation/unsup/cp_2011_12/env/ccs/import/tisim_c6xxx_joule.gel" id="GEL File"/>
            <property Type="stringfield" Value="DM6443" id="Device" />
		    <property Type="stringfield" Value="Cycle Accurate" id="Simulator Type" />
		    <property Type="stringfield" Value="600" id="CPU Clock(MHz)" />
		    <property Type="stringfield" Value="125" id="EMIF Clock(MHz)" />
            <property Type="stringfield" Value="Big Endian" id="Endianness"/>
          </cpu>
        </device>
      </platform>
    </connection>
  </configuration>

