<?xml version="1.0" encoding="UTF-8" standalone="no" ?>
<configuration XML_version="1.2" id="configuration_0" description="simulates the c674x core in a cycle accurate manner. supports a flat memory system and 2 timers. does not model the cache system and any other peripherals.  this cpu only configuration is suitable for core level algorithms development (including bios based development), without considering the system effects, for all c674x based devices. also, it is much faster than the device simulators. &#xa; choose the device configurations for developing applications that involves modules other than the core.">
	<instance XML_version="1.2" href="connections/tisim_connection.xml" id="C674x CPU Cycle Accurate Simulator, Little Endian" xml="tisim_connection.xml" xmlpath="connections/" />
	<connection XML_version="1.2" id="C674x CPU Cycle Accurate Simulator, Little Endian">
		<instance XML_version="1.2" href="drivers/tisim_c674x.xml" id="drivers" xml="tisim_c674x.xml" xmlpath="drivers/" />
		<drivers XML_version="1.2" id="drivers" />
		<platform XML_version="1.2" id="platform_2">
			<cpu HW_revision="" XML_version="1.2" desc="TMS320C64X+_0" description="" id="device_0" isa="TMS320C64XP">
				<property Type="filepathfield" Value="drivers/tisim_c674x.xml" id="dataFile" />
				<property Type="filepathfield" Value="../../../simulation/env/ccs/import/tisim_c6xxx_joule.gel" id="GEL File"/>
				<property Type="stringfield" Value="C674x+" id="Device" />
		  		<property Type="stringfield" Value="Cycle Accurate" id="Simulator Type" />
				<property Type="stringfield" Value="Little Endian" id="Endianness" />
			</cpu>
		</platform>
	</connection>
</configuration>
