<?xml version="1.0" encoding="UTF-8" standalone="no" ?>

  <configuration XML_version="1.2" id="configuration_0" description="Simulates the cycle accurate C64+ core, Megamodule (L1P Program Cache,  L1D Data cache, L2 Unified Mapped RAM/Cache, L2 ROM), SCR, EDMA3CC, EDMA3TC(0-2), McBSP(2), Timer(3), EMIF and external memory. Does not model EMAC, PCI, HPI, UART, I2C and VLYNQ. This is a device cycle accurate configuration and hence useful for applications development and benchmarking at the device level. &#xA; Note on other configurations for this processor: &#xA; * For core level algorithm development / benchmarking, it is recommended to use the &quot;C64x+ CPU Cycle Accurate Simulator&quot; for faster simulations than the device configuration. &#xA; * For Megamodule level algorithm development/ benchmarking, it is recommended to use the &quot;C64x+ Megamodule Cycle Accurate Simulator&quot;, as this will be faster than the device simulator. ">
    <instance XML_version="1.2" href="connections/tisim_connection.xml" id="C6424 Device Cycle Accurate Simulator, Big Endian" xml="tisim_connection.xml" xmlpath="connections/"/>
    <connection XML_version="1.2" id="C6424 Device Cycle Accurate Simulator, Big Endian">
      <instance XML_version="1.2" href="drivers/tisim_c6xxx_joule_unsup.xml" id="drivers" xml="tisim_c6xxx_joule_unsup.xml" xmlpath="drivers/"/>
      <drivers XML_version="1.2" id="drivers"/>
      <platform XML_version="1.2" id="platform_4">
        <cpu HW_revision="" XML_version="1.2" desc="TMS320C64X+_0" description="" id="device_0" isa="TMS320C64XP">
          <property Type="filepathfield" Value="drivers/tisim_c6xxx_joule_unsup.xml" id="dataFile"/>
	      <property Type="filepathfield" Value="../../../simulation/unsup/cp_2011_12/env/ccs/import/tisim_c6xxx_joule.gel" id="GEL File"/>
          <property Type="stringfield" Value="C6424" id="Device" />
		  <property Type="stringfield" Value="Cycle Accurate" id="Simulator Type" />
		  <property Type="stringfield" Value="600" id="CPU Clock(MHz)" />
	  	  <property Type="stringfield" Value="266" id="EMIF Clock(MHz)" />          
          <property Type="stringfield" Value="Big Endian" id="Endianness"/>
        </cpu>
      </platform>
    </connection>
  </configuration>

