<?xml version="1.0" encoding="UTF-8" standalone="no" ?>

  <configuration XML_version="1.2" id="configuration_0" description="simulates C64+ core, Megamodule (L1P Program Cache,  L1D Data cache, L2 Unified Mapped RAM/Cache, L2 ROM), SCR, EDMA3CC, EDMA3TC(0-2), McBSP(2), Timer(3), EMIF and external memory. Does not model McASP, video port, HWAs, EMAC, PCI, CAN, HPI, I2C, UART &amp; VLYNQ. This device cycle accurate configuration is suitable for application development and benchmarking at the device level. &#xa; note on other configurations available for this processor: &#xa; * for core level or megamodule level algorithm development or benchmarking, use the c64x+ cpu cycle accurate simulator or c64x+ megamodule cycle accurate simulator available in &quot;general setup&quot;. these configurations are much faster than the device level configurations. &#xa; * there is no corresponding device level functional simulator.">
    <instance XML_version="1.2" href="connections/tisim_connection.xml" id="DM6437 Device Cycle Accurate Simulator, Big Endian" xml="tisim_connection.xml" xmlpath="connections/"/>
    <connection XML_version="1.2" id="DM6437 Device Cycle Accurate Simulator, Big Endian">
      <instance XML_version="1.2" href="drivers/tisim_c6xxx_joule_unsup.xml" id="drivers" xml="tisim_c6xxx_joule_unsup.xml" xmlpath="drivers/"/>
      <drivers XML_version="1.2" id="drivers"/>
      <platform XML_version="1.2" id="platform_12">
        <cpu HW_revision="" XML_version="1.2" desc="TMS320C64X+_0" description="" id="device_0" isa="TMS320C64XP">
          <property Type="filepathfield" Value="drivers/tisim_c6xxx_joule_unsup.xml" id="dataFile"/>
	      <property Type="filepathfield" Value="../../../simulation/unsup/cp_2011_12/env/ccs/import/tisim_c6xxx_joule.gel" id="GEL File"/>
          <property Type="stringfield" Value="DM6437" id="Device" />
		  <property Type="stringfield" Value="Cycle Accurate" id="Simulator Type" />
		  <property Type="stringfield" Value="600" id="CPU Clock(MHz)" />
		  <property Type="stringfield" Value="266" id="EMIF Clock(MHz)" />
          <property Type="stringfield" Value="Big Endian" id="Endianness"/>
        </cpu>
      </platform>
    </connection>
  </configuration>

