<?xml version="1.0" encoding="UTF-8" standalone="no" ?>

  <configuration XML_version="1.2" id="configuration_0" description="Simulates the C672x core in a cycle accurate manner. Supports a flat memory system. Does not model the cache system and any peripherals. &#xA; Use this configuration for core level algorithm development and benchmarking for any C672x based device. &#xA; C672x based device simulators are not supported. ">
    <instance XML_version="1.2" href="connections/tisim_connection.xml" id="C672x CPU Cycle Accurate Simulator, Little Endian" xml="tisim_connection.xml" xmlpath="connections/"/>
    <connection XML_version="1.2" id="C672x CPU Cycle Accurate Simulator, Little Endian">
      <instance XML_version="1.2" href="drivers/tisim_c672x.xml" id="drivers" xml="tisim_c672x.xml" xmlpath="drivers/"/>
      <drivers XML_version="1.2" id="drivers"/>
      <platform XML_version="1.2" id="platform_1">
        <cpu HW_revision="" XML_version="1.2" desc="TMS320C672X" description="" id="device_0" isa="TMS320C6700">
          <property Type="filepathfield" Value="drivers/tisim_c672x.xml" id="dataFile"/>
          <property Type="filepathfield" Value="../../../simulation/bin/configurations/tisim_672x_cpu_simulator.cfg" id="Config File"/>
		   <property Type="filepathfield" Value="../../../simulation/env/ccs/import/tisim_init_672x.gel" id="GEL File"/>
          <property Type="stringfield" Value="Little Endian" id="Endianness"/>
        </cpu>
      </platform>
    </connection>
  </configuration>

