<?xml version="1.0" encoding="UTF-8" standalone="no" ?>

  <configuration XML_version="1.2" id="configuration_0" description="Simulates the C64x core, L1D, L1P, L2 Cache, EDMA, QDMA, Interrupt Selector, McBSP(3), Timer(3), TCP, VCP, EMIF interfacing with Async, SDRAM and Generic sync RAM Memory models. Does not support HPI, PCI, Utopia. This is a device cycle accurate configuration and hence useful for applications development and benchmarking at the device level. &#xA; Note on other configurations of this device: &#xA; * There is a corresponding device &quot;Functional&quot; simulator that is faster, but does not implement cycle accuracy. To use the Functional Simulator, go to the &quot;Advanced&quot; tab of this configuration &amp; select &quot;Functional&quot; in &quot;Simulator Type&quot;, in the &quot;CPU Properties&quot; dialogue. &#xA; * There is even faster simulator configuration at the device level called the &quot;C6416 Device Functional Compiled Simulator&quot; (available in the General Setup), based on the compiled simulation technology. But this would not support some of the debug and analysis features. Use this configuration if speed is the utmost care-about and if you are ready to give up device level cycle accuracy &amp; debug / analysis features. &#xA; * For core level algorithm development and benchmarking, you may choose the &quot;C64xx CPU Cycle Accurate Simulator&quot; (compiled simulation based or otherwise) for faster simulations than the device configuration.">
    <instance XML_version="1.2" href="connections/tisim_connection.xml" id="C6416 Device Cycle Accurate Simulator, Big Endian" xml="tisim_connection.xml" xmlpath="connections/"/>
    <connection XML_version="1.2" id="C6416 Device Cycle Accurate Simulator, Big Endian">
      <instance XML_version="1.2" href="drivers/tisim_c64xx_unsup.xml" id="drivers" xml="tisim_c64xx_unsup.xml" xmlpath="drivers/"/>
      <drivers XML_version="1.2" id="drivers"/>
      <platform XML_version="1.2" id="platform_4">
        <cpu HW_revision="" XML_version="1.2" desc="TMS320C6416" description="" id="device_0" isa="TMS320C64XX">
          <property Type="filepathfield" Value="drivers/tisim_c64xx_unsup.xml" id="dataFile"/>
          <property Type="filepathfield" Value="../../../simulation/unsup/cp_2011_12/env/ccs/import/tisim_init_64xx.gel" id="GEL File"/>
          <property Type="stringfield" Value="C6416" id="Device"/>
          <property Type="stringfield" Value="Cycle Accurate" id="Simulator Type"/>
          <property Type="stringfield" Value="600" id="CPU Clock(MHz)"/>
          <property Type="stringfield" Value="100" id="EMIF Clock(MHz)"/>
          <property Type="stringfield" Value="Yes" id="Detect CPU Resource Conflicts"/>
          <property Type="stringfield" Value="Yes" id="Detect Reserved Memory Access"/>
          <property Type="stringfield" Value="NONE" id="Boot Mode    "/>
          <property Type="stringfield" Value="Big Endian" id="Endianness"/>
        </cpu>
      </platform>
    </connection>
  </configuration>

