<?xml version="1.0" encoding="UTF-8" standalone="no" ?>

  <configuration XML_version="1.2" id="configuration_0" description="Simulates the C55x Rev3.0 core in a cycle accurate manner, models the pipeline effects. Supports a timer and a flat memory system. No other peripherals are modeled.This configuration is suitable for core level alogrithms development and benchmarking.&#xA;Note that there is a corresponding functional configuration that is faster than this, but doesn't provide cycle accuracy.">
    <instance XML_version="1.2" href="connections/tisim_connection.xml" id="C55xx Rev3.0 CPU Cycle Accurate Simulator" xml="tisim_connection.xml" xmlpath="connections/"/>
    <connection XML_version="1.2" id="C55xx Rev3.0 CPU Cycle Accurate Simulator">
      <instance XML_version="1.2"           href="drivers/tisim_isa_c55x_ca_unsup.xml"         id="drivers" xml="tisim_isa_c55x_ca_unsup.xml" xmlpath="drivers/"/>
      <drivers XML_version="1.2" id="drivers"/>
      <platform XML_version="1.2" id="platform_1">
        <cpu HW_revision="" XML_version="1.2" desc="TMS320C55x" description="" id="device_0" isa="TMS320C55XX">
          <property Type="filepathfield"               Value="drivers/tisim_isa_c55x_ca_unsup.xml" id="dataFile"/>
          <property Type="filepathfield" Value="../../../simulation/unsup/cp_2011_12/env/ccs/import/tisim_c55x.gel" id="GEL File"/>
          <property Type="stringfield" Value="C55xx" id="Device"/>
          <property Type="stringfield" Value="Cycle Accurate" id="Simulator Type"/>
          <property Type="stringfield" Value="Rev 3.0" id="CPU Revision"/>
          <property Type="stringfield" Value="Yes" id="Detect Page Wrap around"/>
          <property Type="stringfield" Value="No" id="Generate Address Trace"/>
          <property Type="stringfield" Value="Yes" id="Simulate Overlay"/>
          <property Type="stringfield" Value="OFF" id="Rewind"/>
        </cpu>
      </platform>
    </connection>
  </configuration>

