<?xml version="1.0" encoding="UTF-8" standalone="no" ?>

  <configuration XML_version="1.2" id="configuration_0" description="Simulates the TCI6616 device which includes C66x CorePac(4x), MSMC (Multicore Shared Memory Controller), Inter-processor communication, CPINTC(3x), EDMA(3x), TIMER64(8x), VCP2(Viterbi Decoder Coprocessor)(4x), AIF2 (Antenna Interface 2), RAC2(Receive Accelerator)(2x), TAC (Transmit Accelerator), TCP3d(Turbo Decoder Coprocessor), TCP3e (Turbo Encoder Coprocessor), Semaphore2, DDR3 Memory controller and DDR3 memory, GPIO, Queue-manager Sub-system, SRIO, Network coprocessor (Packet Accelerator, Switch Sub-system), FFTC(2x), PCIe Sub-system. Does not model Power and Sleep Controller. This configuration is functional (bit accurate) . This configuration is suitable for applications development and understanding the system behavior, but doesn't support cycle accuracy at the device level. &#xA; Note on other configurations available for this Device: * There is a corresponding cycle accurate configuration (TCI6616 Device Cycle Accurate Simulator) in the &quot;Basic Setup&quot; that can be used for applications benchmarking, but relatively slower than this configuration.">
    <instance XML_version="1.2" href="connections/TISIM_Connection.xml" id="TCI6616 Device Functional Simulator, Big Endian" xml="TISIM_Connection.xml" xmlpath="connections/"/>
    <connection XML_version="1.2" id="TCI6616 Device Functional Simulator, Big Endian">
      <instance XML_version="1.2" href="../../../simulation_keystone1/env/ccs/import/tisimc6xxx_corepac_pv_multi.xml" id="drivers" xml="tisimc6xxx_corepac_pv_multi.xml" xmlpath="../../../simulation_keystone1/env/ccs/import/"/>
      <drivers XML_version="1.2" id="drivers"/>
      <platform XML_version="1.2" id="platform_0">
	<instance href="cpus\c66xx.xml" desc="TMS320C66x_0" description="" id="device_0" isa="TMS320C66XX" xml="c66xx.xml" xmlpath="..\cpus\" />
        <cpu HW_revision="" XML_version="1.2" desc="TMS320C66x_0" description="" id="device_0" isa="TMS320C66XX">
          <property Type="filepathfield" Value="../../../simulation_keystone1/env/ccs/import/tisimc6xxx_corepac_pv_multi.xml" id="dataFile"/>
          <property Type="filepathfield" Value="../../../simulation_keystone1/bin/configurations/tisim_tci6616_pv.cfg" id="Config File"/>
	  <property Type="filepathfield" Value="../../../simulation_keystone1/env/ccs/import/tisim_init_tci6616.gel" id="GEL File"/>
	  <property Type="stringfield" Value="Big Endian" id="Endianness"/>
        </cpu>
	<instance href="cpus\c66xx.xml" desc="TMS320C66x_1" description="" id="device_1" isa="TMS320C66XX" xml="c66xx.xml" xmlpath="..\cpus\" />
        <cpu HW_revision="" XML_version="1.2" desc="TMS320C66x_1" description="" id="device_1" isa="TMS320C66XX">
          <property Type="filepathfield" Value="../../../simulation_keystone1/env/ccs/import/tisimc6xxx_corepac_pv_multi.xml" id="dataFile"/>
          <property Type="filepathfield" Value="../../../simulation_keystone1/bin/configurations/tisim_tci6616_pv.cfg" id="Config File"/>
	  <property Type="filepathfield" Value="../../../simulation_keystone1/env/ccs/import/tisim_init_tci6616.gel" id="GEL File"/>
	  <property Type="stringfield" Value="Big Endian" id="Endianness"/>
        </cpu>
	<instance href="cpus\c66xx.xml" desc="TMS320C66x_2" description="" id="device_2" isa="TMS320C66XX" xml="c66xx.xml" xmlpath="..\cpus\" />
        <cpu HW_revision="" XML_version="1.2" desc="TMS320C66x_2" description="" id="device_2" isa="TMS320C66XX">
		<property Type="filepathfield" Value="../../../simulation_keystone1/env/ccs/import/tisimc6xxx_corepac_pv_multi.xml" id="dataFile"/>
          <property Type="filepathfield" Value="../../../simulation_keystone1/bin/configurations/tisim_tci6616_pv.cfg" id="Config File"/>
	  <property Type="filepathfield" Value="../../../simulation_keystone1/env/ccs/import/tisim_init_tci6616.gel" id="GEL File"/>
	  <property Type="stringfield" Value="Big Endian" id="Endianness"/>
        </cpu>
	<instance href="cpus\c66xx.xml" desc="TMS320C66x_3" description="" id="device_3" isa="TMS320C66XX" xml="c66xx.xml" xmlpath="..\cpus\" />
        <cpu HW_revision="" XML_version="1.2" desc="TMS320C66x_3" description="" id="device_3" isa="TMS320C66XX">
          <property Type="filepathfield" Value="../../../simulation_keystone1/env/ccs/import/tisimc6xxx_corepac_pv_multi.xml" id="dataFile"/>
          <property Type="filepathfield" Value="../../../simulation_keystone1/bin/configurations/tisim_tci6616_pv.cfg" id="Config File"/>
	  <property Type="filepathfield" Value="../../../simulation_keystone1/env/ccs/import/tisim_init_tci6616.gel" id="GEL File"/>
	  <property Type="stringfield" Value="Big Endian" id="Endianness"/>
        </cpu>
      </platform>
    </connection>
  </configuration>

