<?xml version="1.0" encoding="UTF-8" standalone="no" ?>

  <configuration XML_version="1.2" id="configuration_0" description="Simulates the C6657 device which includes C66x CorePac(2x), MSMC (Multicore Shared Memory Controller), Inter-processor communication, CPINTC(3x), EDMA, TIMER64(8x), VCP2(Viterbi Decoder Coprocessor)(Only 2 supported), TCP3d(Turbo Decoder Coprocessor), Semaphore2, DDR3 memory, GPIO, Queue-manager Sub-system, SRIO, Power and Sleep Controller, PCIe(Register-Only), EMIF(Register-Only). This configuration is functional (bit accurate) . This configuration is suitable for applications development and understanding the system behavior, but doesn't support cycle accuracy at the device level.">
    <instance XML_version="1.2" href="connections/TISIM_Connection.xml" id="C6657 Device Functional Simulator, Little Endian" xml="TISIM_Connection.xml" xmlpath="connections/"/>
    <connection XML_version="1.2" id="C6657 Device Functional Simulator, Little Endian">
      <instance XML_version="1.2" href="drivers/tisim_c6657_func_multi.xml" id="drivers" xml="tisim_c6657_func_multi.xml" xmlpath="drivers/"/>
      <drivers XML_version="1.2" id="drivers"/>
      <platform XML_version="1.2" id="platform_0">
	<instance href="cpus\c66xx.xml" desc="TMS320C66x_0" description="" id="device_0" isa="TMS320C66XX" xml="c66xx.xml" xmlpath="..\cpus\" />
        <cpu HW_revision="" XML_version="1.2" desc="TMS320C66x_0" description="" id="device_0" isa="TMS320C66XX">
          <property Type="filepathfield" Value="drivers/tisim_c6657_func_multi.xml" id="dataFile"/>
          <property Type="filepathfield" Value="../../../simulation_keystone1/bin/configurations/tisim_c6657_pv.cfg" id="Config File"/>
	  <property Type="stringfield" Value="Little Endian" id="Endianness"/>
	  <property Type="filepathfield" Value="../../../simulation_keystone1/env/ccs/import/tisim_init_c6657.gel" id="GEL File"/>
        </cpu>
	<instance href="cpus\c66xx.xml" desc="TMS320C66x_1" description="" id="device_1" isa="TMS320C66XX" xml="c66xx.xml" xmlpath="..\cpus\" />
        <cpu HW_revision="" XML_version="1.2" desc="TMS320C66x_1" description="" id="device_1" isa="TMS320C66XX">
          <property Type="filepathfield" Value="drivers/tisim_c6657_func_multi.xml" id="dataFile"/>
          <property Type="filepathfield" Value="../../../simulation_keystone1/bin/configurations/tisim_c6657_pv.cfg" id="Config File"/>
          <property Type="stringfield" Value="Little Endian" id="Endianness"/>
	  <property Type="filepathfield" Value="../../../simulation_keystone1/env/ccs/import/tisim_init_c6657.gel" id="GEL File"/>
        </cpu>
      </platform>
    </connection>
  </configuration>

