<?xml version="1.0" encoding="UTF-8" standalone="no" ?>

  <configuration XML_version="1.2" id="configuration_0" description="Simulates C67x core, L1D, L1P, L2 Caches, EDMA, QDMA, Timer(2), EMIF interfacing with async &amp; SDRAM memory models, McBSP(2), McASP(2) and interrupt selector. Does not model HPI and I2C. &#xA; This is a cycle accurate device configuration and hence suitable for device level application development &amp; benchmarking. &#xA; Note on other configurations of this device: &#xA; * There is a corresponding faster configuration available which simulates the device in a functional (bit-accurate) manner. This configuration is suitable for application development at the device level but not for device level benchmarking, as it is not cycle accurate.To select the device functional simulator, click on &quot;Advanced&quot; button and then change the &quot;Simulator Type&quot; to &quot;Functional&quot; in the CPU Properties dialogue. &#xA; * Also, note that there is a core only (C67x CPU Cycle Accurate) configuration available in the &quot;General Setup&quot; that is faster than the device configurations; suitable for development and benchmarking of core level algorithms.">
    <instance XML_version="1.2" href="connections/tisim_connection.xml" id="C6713 Device Cycle Accurate Simulator, Big Endian" xml="tisim_connection.xml" xmlpath="connections/"/>
    <connection XML_version="1.2" id="C6713 Device Cycle Accurate Simulator, Big Endian">
      <instance XML_version="1.2" href="drivers/tisim_c67xx_unsup.xml" id="drivers" xml="tisim_c67xx_unsup.xml" xmlpath="drivers/"/>
      <drivers XML_version="1.2" id="drivers"/>
      <platform XML_version="1.2" id="platform_4">
        <cpu HW_revision="" XML_version="1.2" desc="TMS320C6713" description="" id="device_0" isa="TMS320C671X">
          <property Type="filepathfield" Value="drivers/tisim_c67xx_unsup.xml" id="dataFile"/>
          <property Type="filepathfield" Value="../../../simulation/unsup/cp_2011_12/env/ccs/import/tisim_init_64xx.gel" id="GEL File"/>
          <property Type="stringfield" Value="C6713" id="Device"/>
          <property Type="stringfield" Value="Cycle Accurate" id="Simulator Type"/>
          <property Type="stringfield" Value="600" id="CPU Clock(MHz)"/>
          <property Type="stringfield" Value="100" id="EMIF Clock(MHz)"/>
          <property Type="stringfield" Value="Yes" id="Detect CPU Resource Conflicts"/>
          <property Type="stringfield" Value="Yes" id="Detect Reserved Memory Access"/>
          <property Type="stringfield" Value="NONE" id="Boot Mode    "/>
          <property Type="stringfield" Value="Big Endian" id="Endianness"/>
        </cpu>
      </platform>
    </connection>
  </configuration>

