<?xml version="1.0" encoding="UTF-8" standalone="no" ?>

  <configuration XML_version="1.2" id="configuration_0" description="Simulates the 66AK2H12 device which includes C66x CorePac(8x), TETRIS, GIC-400, MSMC (Multicore Shared Memory Controller), Inter-processor communication, CPINTC(4x), EDMA(4x), TIMER64(16x), Semaphore2, TCP3D(4x), VCP2(8x), RAC4BCR, TAC2.1, FFTC(6x), DDR3A Memory, DDR3B memory, GPIO, Multicore Navigator Sub-system, SRIO and Network Coprocessor (Packet Accelerator, Switch Sub-system).This simulator does not model PSC (Power and Sleep Controller). ">
    <instance XML_version="1.2" href="connections/tisim_connection.xml" id="66AK2H12 Device Functional Simulator, (DSP) Big Endian, ARM (Big Endian)" xml="tisim_connection.xml" xmlpath="connections/"/>
    <connection XML_version="1.2" id="66AK2H12 Device Functional Simulator, (DSP) Big Endian, ARM (Big Endian)">
      <instance XML_version="1.2" href="drivers/tisim_66AK2H12_func_multi_DSP_be_ARM_be_oops_crypt.xml" id="drivers" xml="tisim_66AK2H12_func_multi_DSP_be_ARM_be_oops_crypt.xml" xmlpath="drivers/"/>
	  <instance XML_version="1.2" href="drivers/tisim_cortexa15_66AK2H12_DSP_be_ARM_be_crypt.xml" id="drivers" xml="tisim_cortexa15_66AK2H12_DSP_be_ARM_be_crypt.xml" xmlpath="drivers/"/>
      <drivers XML_version="1.2" id="drivers"/>
      <platform XML_version="1.2" id="platform_0">
	  <instance href="cpus\c66xx.xml" desc="TMS320C66x_0" description="" id="device_0" isa="TMS320C66XX" xml="c66xx.xml" xmlpath="..\cpus\" />      
          <cpu HW_revision="" XML_version="1.2" desc="TMS320C66x_0" description="" id="device_0" isa="TMS320C66XX">
            <property Type="filepathfield" Value="drivers/tisim_66AK2H12_func_multi_DSP_be_ARM_be_oops_crypt.xml" id="dataFile"/>
            <property Type="filepathfield" Value="../../../simulation_keystone2/env/ccs/import/tisim_init_keystone2_func.gel" id="GEL File"/>
            <property Type="filepathfield" Value="../../../simulation_keystone2/bin/configurations/tisim_66AK2H12_func_be_BE-ARM_crypt.ccfg" id="Config File"/>
            <property Type="stringfield" Value="Big Endian" id="Endianness"/>
	</cpu>
	  <instance href="cpus\c66xx.xml" desc="TMS320C66x_1" description="" id="device_1" isa="TMS320C66XX" xml="c66xx.xml" xmlpath="..\cpus\" />      
          <cpu HW_revision="" XML_version="1.2" desc="TMS320C66x_1" description="" id="device_1" isa="TMS320C66XX">
            <property Type="filepathfield" Value="drivers/tisim_66AK2H12_func_multi_DSP_be_ARM_be_oops_crypt.xml" id="dataFile"/>
            <property Type="filepathfield" Value="../../../simulation_keystone2/env/ccs/import/tisim_init_keystone2_func.gel" id="GEL File"/>
            <property Type="filepathfield" Value="../../../simulation_keystone2/bin/configurations/tisim_66AK2H12_func_be_BE-ARM_crypt.ccfg" id="Config File"/>
            <property Type="stringfield" Value="Big Endian" id="Endianness"/>
	    </cpu>
	  <instance href="cpus\c66xx.xml" desc="TMS320C66x_2" description="" id="device_2" isa="TMS320C66XX" xml="c66xx.xml" xmlpath="..\cpus\" />      
          <cpu HW_revision="" XML_version="1.2" desc="TMS320C66x_2" description="" id="device_2" isa="TMS320C66XX">
            <property Type="filepathfield" Value="drivers/tisim_66AK2H12_func_multi_DSP_be_ARM_be_oops_crypt.xml" id="dataFile"/>
            <property Type="filepathfield" Value="../../../simulation_keystone2/env/ccs/import/tisim_init_keystone2_func.gel" id="GEL File"/>
            <property Type="filepathfield" Value="../../../simulation_keystone2/bin/configurations/tisim_66AK2H12_func_be_BE-ARM_crypt.ccfg" id="Config File"/>
            <property Type="stringfield" Value="Big Endian" id="Endianness"/>
	    </cpu>
	  <instance href="cpus\c66xx.xml" desc="TMS320C66x_3" description="" id="device_3" isa="TMS320C66XX" xml="c66xx.xml" xmlpath="..\cpus\" />      
          <cpu HW_revision="" XML_version="1.2" desc="TMS320C66x_3" description="" id="device_3" isa="TMS320C66XX">
            <property Type="filepathfield" Value="drivers/tisim_66AK2H12_func_multi_DSP_be_ARM_be_oops_crypt.xml" id="dataFile"/>
            <property Type="filepathfield" Value="../../../simulation_keystone2/env/ccs/import/tisim_init_keystone2_func.gel" id="GEL File"/>
            <property Type="filepathfield" Value="../../../simulation_keystone2/bin/configurations/tisim_66AK2H12_func_be_BE-ARM_crypt.ccfg" id="Config File"/>
            <property Type="stringfield" Value="Big Endian" id="Endianness"/>
    </cpu>
	  <instance href="cpus\c66xx.xml" desc="TMS320C66x_4" description="" id="device_4" isa="TMS320C66XX" xml="c66xx.xml" xmlpath="..\cpus\" />      
              <cpu HW_revision="" XML_version="1.2" desc="TMS320C66x_4" description="" id="device_4" isa="TMS320C66XX">
            <property Type="filepathfield" Value="drivers/tisim_66AK2H12_func_multi_DSP_be_ARM_be_oops_crypt.xml" id="dataFile"/>
            <property Type="filepathfield" Value="../../../simulation_keystone2/env/ccs/import/tisim_init_keystone2_func.gel" id="GEL File"/>
            <property Type="filepathfield" Value="../../../simulation_keystone2/bin/configurations/tisim_66AK2H12_func_be_BE-ARM_crypt.ccfg" id="Config File"/>
            <property Type="stringfield" Value="Big Endian" id="Endianness"/>
    </cpu>
	  <instance href="cpus\c66xx.xml" desc="TMS320C66x_5" description="" id="device_5" isa="TMS320C66XX" xml="c66xx.xml" xmlpath="..\cpus\" />      
              <cpu HW_revision="" XML_version="1.2" desc="TMS320C66x_5" description="" id="device_5" isa="TMS320C66XX">
            <property Type="filepathfield" Value="drivers/tisim_66AK2H12_func_multi_DSP_be_ARM_be_oops_crypt.xml" id="dataFile"/>
            <property Type="filepathfield" Value="../../../simulation_keystone2/env/ccs/import/tisim_init_keystone2_func.gel" id="GEL File"/>
            <property Type="filepathfield" Value="../../../simulation_keystone2/bin/configurations/tisim_66AK2H12_func_be_BE-ARM_crypt.ccfg" id="Config File"/>
            <property Type="stringfield" Value="Big Endian" id="Endianness"/>
    </cpu>
	  <instance href="cpus\c66xx.xml" desc="TMS320C66x_6" description="" id="device_6" isa="TMS320C66XX" xml="c66xx.xml" xmlpath="..\cpus\" />      
              <cpu HW_revision="" XML_version="1.2" desc="TMS320C66x_6" description="" id="device_6" isa="TMS320C66XX">
            <property Type="filepathfield" Value="drivers/tisim_66AK2H12_func_multi_DSP_be_ARM_be_oops_crypt.xml" id="dataFile"/>
            <property Type="filepathfield" Value="../../../simulation_keystone2/env/ccs/import/tisim_init_keystone2_func.gel" id="GEL File"/>
            <property Type="filepathfield" Value="../../../simulation_keystone2/bin/configurations/tisim_66AK2H12_func_be_BE-ARM_crypt.ccfg" id="Config File"/>
            <property Type="stringfield" Value="Big Endian" id="Endianness"/>
    </cpu>
	  <instance href="cpus\c66xx.xml" desc="TMS320C66x_7" description="" id="device_7" isa="TMS320C66XX" xml="c66xx.xml" xmlpath="..\cpus\" />      
              <cpu HW_revision="" XML_version="1.2" desc="TMS320C66x_7" description="" id="device_7" isa="TMS320C66XX">
            <property Type="filepathfield" Value="drivers/tisim_66AK2H12_func_multi_DSP_be_ARM_be_oops_crypt.xml" id="dataFile"/>
            <property Type="filepathfield" Value="../../../simulation_keystone2/env/ccs/import/tisim_init_keystone2_func.gel" id="GEL File"/>
            <property Type="filepathfield" Value="../../../simulation_keystone2/bin/configurations/tisim_66AK2H12_func_be_BE-ARM_crypt.ccfg" id="Config File"/>
            <property Type="stringfield" Value="Big Endian" id="Endianness"/>
          </cpu>
      <instance href="cpus\cortex_a15.xml" desc="CORTEXA15_0" description="" id="device_8" isa="CortexA15" xml="cortex_a15.xml" xmlpath="..\cpus\"/>
        <cpu HW_revision="" XML_version="1.2" desc="CORTEXA15_0" description="" id="device_8" isa="TMS470R15x">
				<property Type="filepathfield" Value="drivers/tisim_cortexa15_66AK2H12_DSP_be_ARM_be_crypt.xml" id="dataFile"/>
				<property Type="filepathfield" Value="../../../simulation_keystone2/env/ccs/import/tisim_init_cortexA15_keystone2_func.gel" id="GEL File"/>
				<property Type="filepathfield" Value="../../../simulation_keystone2/bin/configurations/tisim_66AK2H12_func_be_BE-ARM_crypt.ccfg" id="Config File"/>
				<property Type="stringfield" Value="Big Endian" id="Endianness"/>
        </cpu>
      <instance href="cpus\cortex_a15.xml" desc="CORTEXA15_1" description="" id="device_9" isa="CortexA15" xml="cortex_a15.xml" xmlpath="..\cpus\"/>
        <cpu HW_revision="" XML_version="1.2" desc="CORTEXA15_1" description="" id="device_9" isa="TMS470R15x">
				<property Type="filepathfield" Value="drivers/tisim_cortexa15_66AK2H12_DSP_be_ARM_be_crypt.xml" id="dataFile"/>
				<property Type="filepathfield" Value="../../../simulation_keystone2/env/ccs/import/tisim_init_cortexA15_keystone2_func.gel" id="GEL File"/>
				<property Type="filepathfield" Value="../../../simulation_keystone2/bin/configurations/tisim_66AK2H12_func_be_BE-ARM_crypt.ccfg" id="Config File"/>
				<property Type="stringfield" Value="Big Endian" id="Endianness"/>
        </cpu>
      <instance href="cpus\cortex_a15.xml" desc="CORTEXA15_2" description="" id="device_10" isa="CortexA15" xml="cortex_a15.xml" xmlpath="..\cpus\"/>
        <cpu HW_revision="" XML_version="1.2" desc="CORTEXA15_2" description="" id="device_10" isa="TMS470R15x">
				<property Type="filepathfield" Value="drivers/tisim_cortexa15_66AK2H12_DSP_be_ARM_be_crypt.xml" id="dataFile"/>
				<property Type="filepathfield" Value="../../../simulation_keystone2/env/ccs/import/tisim_init_cortexA15_keystone2_func.gel" id="GEL File"/>
				<property Type="filepathfield" Value="../../../simulation_keystone2/bin/configurations/tisim_66AK2H12_func_be_BE-ARM_crypt.ccfg" id="Config File"/>
				<property Type="stringfield" Value="Big Endian" id="Endianness"/>
        </cpu>
      <instance href="cpus\cortex_a15.xml" desc="CORTEXA15_3" description="" id="device_11" isa="CortexA15" xml="cortex_a15.xml" xmlpath="..\cpus\"/>
        <cpu HW_revision="" XML_version="1.2" desc="CORTEXA15_3" description="" id="device_11" isa="TMS470R15x">
				<property Type="filepathfield" Value="drivers/tisim_cortexa15_66AK2H12_DSP_be_ARM_be_crypt.xml" id="dataFile"/>
				<property Type="filepathfield" Value="../../../simulation_keystone2/env/ccs/import/tisim_init_cortexA15_keystone2_func.gel" id="GEL File"/>
				<property Type="filepathfield" Value="../../../simulation_keystone2/bin/configurations/tisim_66AK2H12_func_be_BE-ARM_crypt.ccfg" id="Config File"/>
				<property Type="stringfield" Value="Big Endian" id="Endianness"/>
        </cpu>       
      </platform>
    </connection>
  </configuration>

