<?xml version="1.0" encoding="UTF-8" standalone="no" ?>

  <configuration XML_version="1.2" id="configuration_0" description="Simulates 3 instances of cycle accurate C64x+ core plus the cache system (Asymmetric L2), SCR_A, SCR_B, EDMA3CC, EDMA3TC(0-5), TIMER64 (6), MCBSP(2), VCP2, TCP2, AIF, SEMAPHORE, FSYNC, DDR_EMIF and external memory. Does not model SRIO, I2C, EMAC &amp; ETB. This is a device cycle accurate configuration and hence useful for applications development and benchmarking at the device level. &#xA;&#xA;Note on other configurations for this processor: &#xA;* For core level algorithm development / benchmarking, it is recommended to use the &quot;C64x+ CPU Cycle Accurate Simulator&quot; for faster simulations than the device configuration. &#xA;* For Megamodule level algorith development/ benchmarking, it is recommended to use the  &quot;C64x+ Megamodule Cycle Accurate Simulator &quot;, as this will be faster than the device simulator.">
    <instance XML_version="1.2" href="connections/tisim_connection.xml" id="TCI6488 Symmetric Device Cycle Accurate Simulator, Little Endian" xml="tisim_connection.xml" xmlpath="connections/"/>
    <connection XML_version="1.2" id="TCI6488 Symmetric Device Cycle Accurate Simulator, Little Endian">
      <instance XML_version="1.2" href="drivers/tisimc6xxx_joule_multi_unsup.xml" id="drivers" xml="tisimc6xxx_joule_multi_unsup.xml" xmlpath="drivers/"/>
      <drivers XML_version="1.2" id="drivers"/>
      <platform XML_version="1.2" id="platform_0">
        <device HW_revision="" XML_version="1.2" desc="TCI6488_0" description="" id="device_0" partnum="TMS0C00">
          <property Type="stringfield" Value="real time" id="Startup Mode"/>
          <cpu HW_revision="" XML_version="1.2" desc="C64+_0" description="" id="device_1" isa="TMS320C64XP">
            <property Type="filepathfield" Value="drivers/tisimc6xxx_joule_multi_unsup.xml" id="dataFile"/>
            <property Type="filepathfield" Value="../../../simulation/unsup/cp_2011_12/env/ccs/import/tisim_init_6488.gel" id="GEL File"/>
            <property Type="filepathfield" Value="../../../simulation/unsup/cp_2011_12/bin/configurations/tisim_c6488_symmetric.cfg" id="Simulator Config File"/>
            <property Type="stringfield" Value="Little Endian" id="Endianess"/>
          </cpu>
          <cpu HW_revision="" XML_version="1.2" desc="C64+_1" description="" id="device_2" isa="TMS320C64XP">
            <property Type="filepathfield" Value="drivers/tisimc6xxx_joule_multi_unsup.xml" id="dataFile"/>
            <property Type="filepathfield" Value="../../../simulation/unsup/cp_2011_12/env/ccs/import/tisim_init_6488.gel" id="GEL File"/>
            <property Type="filepathfield" Value="../../../simulation/unsup/cp_2011_12/bin/configurations/tisim_c6488_symmetric.cfg" id="Simulator Config File"/>
            <property Type="stringfield" Value="Little Endian" id="Endianess"/>
          </cpu>
          <cpu HW_revision="" XML_version="1.2" desc="C64+_2" description="" id="device_3" isa="TMS320C64XP">
            <property Type="filepathfield" Value="drivers/tisimc6xxx_joule_multi_unsup.xml" id="dataFile"/>
            <property Type="filepathfield" Value="../../../simulation/unsup/cp_2011_12/env/ccs/import/tisim_init_6488.gel" id="GEL File"/>
            <property Type="filepathfield" Value="../../../simulation/unsup/cp_2011_12/bin/configurations/tisim_c6488_symmetric.cfg" id="Simulator Config File"/>
            <property Type="stringfield" Value="Little Endian" id="Endianess"/>
          </cpu>
        </device>
      </platform>
    </connection>
  </configuration>

