<?xml version="1.0" encoding="UTF-8" standalone="no" ?>

  <configuration XML_version="1.2" id="configuration_0" description="Simulates the ARM9e core in a cycle accurate manner. Supports a flat memory system. Does not model any peripherals.&#xA;This configuration is suitable for core level algorithms development and benchmarking without the system effects">
    <instance XML_version="1.2" href="connections/tisim_connection.xml" id="ARM9e CPU Cycle Accurate Simulator, Little Endian" xml="tisim_connection.xml" xmlpath="connections/"/>
    <connection XML_version="1.2" id="ARM9e CPU Cycle Accurate Simulator, Little Endian">
      <instance XML_version="1.2" href="drivers/tisim_isa_armxx_unsup.xml" id="drivers" xml="tisim_isa_armxx_unsup.xml" xmlpath="drivers/"/>
      <drivers XML_version="1.2" id="drivers"/>
      <platform XML_version="1.2" id="platform_7">
        <cpu HW_revision="" XML_version="1.2" desc="ARMxx_0" description="" id="device_0" isa="ARM9">
          <property Type="filepathfield" Value="drivers/tisim_isa_armxx_unsup.xml" id="dataFile"/>
	  <property Type="filepathfield" Value="../../../simulation/unsup/cp_2011_12/env/ccs/import/tisim_armxx.gel" id="GEL File"/>
          <property Type="stringfield" Value="ARM9e" id="Device"/>
          <property Type="stringfield" Value="Little Endian" id="Endianness "/>
          <property Type="stringfield" Value="Disabled" id="High Vectors"/>
        </cpu>
      </platform>
    </connection>
  </configuration>

