<?xml version="1.0" encoding="UTF-8" standalone="no" ?>

  <configuration XML_version="1.2" id="configuration_0" description="Simulates the C674x core, cache system, EMIFB, shared RAM, Timers(2), EDMA3CC, EDMA3TC, McASP and dMAX modules. Does not model ARM926EJ-S processor sub-system, EMIF2.5, MMC/SD, I2C, SPI, HPI, EMAC, USB and UART. This configuration is cycle accurate and hence suitable for DA830 DSP sub-system applications development and benchmarking. &#xA; Note on other configurations available for this processor: &#xA; * There is a corresponding faster configuration (DA830 Device Functional Simulator) in the &quot;Basic Setup&quot;, that can be used for applications development and understanding the system behavior, but doesn't support cycle accuracy. &#xA; * There is a CPU only configuration as well (C674x CPU Cycle Accurate Simulator) in the &quot;Basic Setup&quot; which is even faster than the device functional simulator, that can be used for core level algorithms development and benchmarking.">
    <instance XML_version="1.2" href="connections/tisim_connection.xml" id="DA830 Device Cycle Accurate Simulator, Little Endian" xml="tisim_connection.xml" xmlpath="connections/"/>
    <connection XML_version="1.2" id="DA830 Device Cycle Accurate Simulator, Little Endian">
      <instance XML_version="1.2" href="drivers/tisim_c674x_unsup.xml" id="drivers" xml="tisim_c674x_unsup.xml" xmlpath="drivers/"/>
      <drivers XML_version="1.2" id="drivers" />
      <platform XML_version="1.2" id="platform_0">
	      <instance href="..\cpus\c674x.xml" desc="TMS320C6747" description="" id="device_0" isa="TMS320C674X " xml="c674x.xml" xmlpath="..\Cpus\" />
	      <cpu HW_revision="" XML_version="1.2" desc="TMS320C64X+_0" description="" id="device_0" isa="TMS320C64XP">
		      <instance href="..\Modules\c674x\rCSL_edmacc_001.xml" id="EDMACC0" xml="rCSL_edmacc_001.xml" xmlpath="..\Modules\c674x" HW_version="Matrix" description="3PCC" requestor="TMS320C64XX" baseaddr="0x1c00000" endaddr="0x1c07fff" size="0x8000" accessnumbytes="4" permissions="p"/>
		      <instance href="..\Modules\c674x\rCSL_edmatc_001.xml" id="EDMATC0" xml="rCSL_edmatc_001.xml" xmlpath="..\Modules\c674x" HW_version="Matrix" description="3PCC" requestor="TMS320C64XX" baseaddr="0x1c08000" endaddr="0x1c083ff" size="0x400" accessnumbytes="4" permissions="p"/>
		      <instance href="..\Modules\c674x\rCSL_edmatc_001.xml" id="EDMATC1" xml="rCSL_edmatc_001.xml" xmlpath="..\Modules\c674x" HW_version="Matrix" description="3PCC" requestor="TMS320C64XX" baseaddr="0x1c08400" endaddr="0x1c087ff" size="0x400" accessnumbytes="4" permissions="p"/>
		      <instance href="..\Modules\c674x\rCSL_tmr_001.xml" id="TMR0" xml="rCSL_tmr_001.xml" xmlpath="..\Modules\c674x" HW_version="Matrix" description="TIMER0/1" requestor="TMS320C64XX" baseaddr="0x1c20000" endaddr="0x1c20fff" size="0x1000" accessnumbytes="4" permissions="p"/>
		      <instance href="..\Modules\c674x\rCSL_tmr_001.xml" id="TMR1" xml="rCSL_tmr_001.xml" xmlpath="..\Modules\c674x" HW_version="Matrix" description="TIMER0/1" requestor="TMS320C64XX" baseaddr="0x1c21000" endaddr="0x1c21fff" size="0x1000" accessnumbytes="4" permissions="p"/>
		      <instance href="..\Modules\c674x\rCSL_mcasp_001.xml" id="McASP0" xml="rCSL_mcasp_001.xml" xmlpath="..\Modules\c674x" HW_version="Matrix" description="McASP" requestor="TMS320C64XX" baseaddr="0x1d00000" endaddr="0x1d00fff" size="0x1000" accessnumbytes="4" permissions="p"/>
		      <instance href="..\Modules\c674x\rCSL_mcasp_001.xml" id="McASP1" xml="rCSL_mcasp_001.xml" xmlpath="..\Modules\c674x" HW_version="Matrix" description="McASP" requestor="TMS320C64XX" baseaddr="0x1d04000" endaddr="0x1d04fff" size="0x1000" accessnumbytes="4" permissions="p"/>
		      <instance href="..\Modules\c674x\rCSL_mcasp_001.xml" id="McASP2" xml="rCSL_mcasp_001.xml" xmlpath="..\Modules\c674x" HW_version="Matrix" description="McASP" requestor="TMS320C64XX" baseaddr="0x1d08000" endaddr="0x1d08fff" size="0x1000" accessnumbytes="4" permissions="p"/>
		      <instance href="..\Modules\c674x\rCSL_afifo_001.xml" id="McASPFIFO0" xml="rCSL_afifo_001.xml" xmlpath="..\Modules\c674x" HW_version="Matrix" description="McASP FIFO" requestor="TMS320C64XX" baseaddr="0x1d01000" endaddr="0x1d01fff" size="0x1000" accessnumbytes="4" permissions="p"/>
		      <instance href="..\Modules\c674x\rCSL_afifo_001.xml" id="McASPFIFO1" xml="rCSL_afifo_001.xml" xmlpath="..\Modules\c674x" HW_version="Matrix" description="McASP FIFO" requestor="TMS320C64XX" baseaddr="0x1d05000" endaddr="0x1d05fff" size="0x1000" accessnumbytes="4" permissions="p"/>
		      <instance href="..\Modules\c674x\rCSL_afifo_001.xml" id="McASPFIFO2" xml="rCSL_afifo_001.xml" xmlpath="..\Modules\c674x" HW_version="Matrix" description="McASP FIFO" requestor="TMS320C64XX" baseaddr="0x1d09000" endaddr="0x1d09fff" size="0x1000" accessnumbytes="4" permissions="p"/>
		      <property Type="filepathfield" Value="drivers/tisim_c674x_unsup.xml" id="dataFile"/>
		      <property Type="filepathfield" Value="../../../simulation/unsup/cp_2011_12/env/ccs/import/tisim_c6xxx_joule.gel" id="GEL File"/>
		      <property Type="stringfield" Value="DA830" id="Device" />
		  	  <property Type="stringfield" Value="Cycle Accurate" id="Simulator Type" />
		  	  <property Type="stringfield" Value="300" id="CPU Clock(MHz)" />
	  	  	  <property Type="stringfield" Value="133" id="EMIF Clock(MHz)" />
		      <property Type="stringfield" Value="Little Endian" id="Endianness"/>
        </cpu>
      </platform>
    </connection>
  </configuration>

