<?xml version="1.0" encoding="UTF-8" standalone="no" ?>

  <configuration XML_version="1.2" id="configuration_0" description="Simulates the C64x+ core in a cycle accurate manner. Supports timers(3) and a flat memory system. Does not simulate the cache system and any peripherals.  Use this configuration for core level algorithms development (including BIOS based development) and benchmarking, for any C64x+ based device. This configuration is faster than the Megamodule and device level configurations. &#xA; Note on other configurations for this processor: &#xA; * Choose the Megamodule configuration for developing &amp; benchmarking applications for cache usage; &#xA; * Choose the device configurations for developing applications that use modules beyond the Megamodule.">
    <instance XML_version="1.2" href="connections/tisim_connection.xml" id="C64x+ CPU Cycle Accurate Simulator, Big Endian" xml="tisim_connection.xml" xmlpath="connections/"/>
    <connection XML_version="1.2" id="C64x+ CPU Cycle Accurate Simulator, Big Endian">
      <instance XML_version="1.2" href="drivers/tisim_c6xxx_joule.xml" id="drivers" xml="tisim_c6xxx_joule.xml" xmlpath="drivers/"/>
      <drivers XML_version="1.2" id="drivers"/>
      <platform XML_version="1.2" id="platform_1">
        <cpu HW_revision="" XML_version="1.2" desc="TMS320C64+" description="" id="device_0" isa="TMS320C64XP">
          <property Type="filepathfield" Value="drivers/tisim_c6xxx_joule.xml" id="dataFile"/>
	      <property Type="filepathfield" Value="../../../simulation/env/ccs/import/tisim_c6xxx_joule.gel" id="GEL File"/>
          <property Type="stringfield" Value="C64x+" id="Device" />
		  <property Type="stringfield" Value="Cycle Accurate" id="Simulator Type" />
		  <property Type="stringfield" Value="Disable" id="Simulate Cache" />
		  <property Type="stringfield" Value="C6421" id="Devie Memory Map"/>		  
          <property Type="stringfield" Value="Big Endian" id="Endianness"/>
        </cpu>
      </platform>
    </connection>
  </configuration>

