<?xml version="1.0" encoding="UTF-8" standalone="no" ?>

  <configuration XML_version="1.2" id="configuration_0" description="Simulates the C64xx core in a cycle accurate manner. Supports a flat memory system. Does not model the cache system and any peripherals. This is faster than the device level configurations. Use this configuration for core level algorithm development and benchmarking for any C64x based device. &#xA; Note on other configurations available for this processor: &#xA; * A high speed version of the C64xx CPU simulator called &quot;C64xx CPU Cycle Accurate Compiled Simulator&quot; exists in the &quot;General Setup&quot;. Check out the super fast simulation of the C64x core using this configuration, but watch out for some advanced debug and analsyis features not being supported. &#xA; * Use the device configurations for application development at the device level.">
    <instance XML_version="1.2" href="connections/tisim_connection.xml" id="C64xx CPU Cycle Accurate Simulator, Big Endian" xml="tisim_connection.xml" xmlpath="connections/"/>
    <connection XML_version="1.2" id="C64xx CPU Cycle Accurate Simulator, Big Endian">
      <instance XML_version="1.2" href="drivers/tisim_c64xx.xml" id="drivers" xml="tisim_c64xx.xml" xmlpath="drivers/"/>
      <drivers XML_version="1.2" id="drivers"/>
      <platform XML_version="1.2" id="platform_1">
        <cpu HW_revision="" XML_version="1.2" desc="TMS320C64xx" description="" id="device_0" isa="TMS320C64XX">
          <property Type="filepathfield" Value="drivers/tisim_c64xx.xml" id="dataFile"/>
          <property Type="filepathfield" Value="../../../simulation/env/ccs/import/tisim_init_64xx.gel" id="GEL File"/>
          <property Type="stringfield" Value="C64xx" id="Device"/>
          <property Type="stringfield" Value="Cycle Accurate" id="Simulator Type "/>
          <property Type="stringfield" Value="Yes" id="Detect CPU Resource Conflicts"/>
          <property Type="stringfield" Value="Yes" id="Detect Reserved Memory Access"/>
          <property Type="stringfield" Value="NONE" id="Boot Mode  "/>
          <property Type="stringfield" Value="OFF" id="Rewind"/>
          <property Type="stringfield" Value="Big Endian" id="Endianness"/>
        </cpu>
      </platform>
    </connection>
  </configuration>

