<?xml version="1.0" encoding="UTF-8" standalone="no" ?>

  <configuration XML_version="1.2" id="configuration_0" description="Simulates the C67xx core in a cycle accurate manner. Supports a flat memory system. Does not simulate the cache system and any peripherals. Suitable for core level algorithm development and benchmarking for any C67x based device. &#xA; Use the device configurations for device level application development and benchmarking.">
    <instance XML_version="1.2" href="connections/tisim_connection.xml" id="C67xx CPU Cycle Accurate Simulator, Little Endian" xml="tisim_connection.xml" xmlpath="connections/"/>
    <connection XML_version="1.2" id="C67xx CPU Cycle Accurate Simulator, Little Endian">
      <instance XML_version="1.2" href="drivers/tisim_c67xx.xml" id="drivers" xml="tisim_c67xx.xml" xmlpath="drivers/"/>
      <drivers XML_version="1.2" id="drivers"/>
      <platform XML_version="1.2" id="platform_6">
        <cpu HW_revision="" XML_version="1.2" desc="TMS320C67xx" description="" id="device_0" isa="TMS320C67XX">
          <property Type="filepathfield" Value="drivers/tisim_c67xx.xml" id="dataFile"/>
          <property Type="filepathfield" Value="../../../simulation/env/ccs/import/tisim_init_67xx.gel" id="GEL File"/>
          <property Type="stringfield" Value="C67xx" id="Device"/>
          <property Type="stringfield" Value="Cycle Accurate" id="Simulator Type "/>
          <property Type="stringfield" Value="Yes" id="Detect CPU Resource Conflicts"/>
          <property Type="stringfield" Value="Yes" id="Detect Reserved Memory Access"/>
          <property Type="stringfield" Value="NONE" id="Boot Mode  "/>
          <property Type="stringfield" Value="OFF" id="Rewind"/>
          <property Type="stringfield" Value="Little Endian" id="Endianness"/>
        </cpu>
      </platform>
    </connection>
  </configuration>

