<?xml version="1.0" encoding="UTF-8" standalone="no" ?>

  <configuration XML_version="1.2" id="configuration_0" description="Simulates the Cortex-R4 core and a flat memory system. No other peripherals are modeled. This configuraturation is a functional (bit-accurate) configuration suitable for core level algorithms development. It does not support cycle accuracy">
    <instance XML_version="1.2" href="connections/tisim_connection.xml" id="Cortex-R4 CPU Functional Simulator, Big Endian" xml="tisim_connection.xml" xmlpath="connections/"/>
    <connection XML_version="1.2" id="Cortex-R4 CPU Functional Simulator, Big Endian">
      <instance XML_version="1.2" href="drivers/tisim_isa_armxx_unsup.xml" id="drivers" xml="tisim_isa_armxx_unsup.xml" xmlpath="drivers/"/>
      <drivers XML_version="1.2" id="drivers"/>
      <platform XML_version="1.2" id="platform_3">
        <cpu HW_revision="" XML_version="1.2" desc="ARMxx" description="" id="device_0" isa="Cortex_R4">
          <property Type="filepathfield" Value="drivers/tisim_isa_armxx_unsup.xml" id="dataFile"/>
          <property Type="filepathfield" Value="../../../simulation/unsup/cp_2011_12/env/ccs/import/tisim_armxx.gel" id="GEL File"/>
          <property Type="stringfield" Value="Cortex-R4" id="Device"/>
          <property Type="stringfield" Value="Big Endian" id="Endianness "/>
          <property Type="stringfield" Value="ARM" id="Exception Handling State"/>
          <property Type="stringfield" Value="Disabled" id="High Vectors"/>
          <property Type="stringfield" Value="No" id="FIQ is Non Maskable"/>
        </cpu>
      </platform>
    </connection>
  </configuration>

