<?xml version="1.0" encoding="UTF-8" standalone="no" ?>

  <configuration XML_version="1.2" id="configuration_0" description="Simulates the C6678 device which includes C66x CorePac(8x), MSMC (Multicore Shared Memory Controller), Inter-processor communication, CPINTC(4x), EDMA(3x), TIMER64(16x), Semaphore2,Semaphore2, DDR3 Memory controller and DDR3 memory, GPIO, Queue-manager Sub-system, SRIO and Network coprocessor (Packet Accelerator, Switch Sub-system).This simulator does not model PCIe Sub-system, and PSC (Power and Sleep Controller). This configuration is cycle accurate and hence suitable for applications development and benchmarking. &#xA; Note on other configurations available for this Device: &#xA; * There is a corresponding faster configuration (C6678 Device Functional Simulator) in the &quot;Basic Setup&quot;, that can be used for applications development and understanding the system behavior, but doesn't support cycle accuracy.">
    <instance XML_version="1.2" href="connections/tisim_connection.xml" id="C6678 Device Cycle Approximate Simulator, Big Endian" xml="tisim_connection.xml" xmlpath="connections/"/>
    <connection XML_version="1.2" id="C6678 Device Cycle Approximate Simulator, Big Endian">
      <instance XML_version="1.2" href="../../../simulation_keystone1/env/ccs/import/tisimc6xxx_corepac_cx_multi.xml" id="drivers" xml="tisimc6xxx_corepac_cx_multi.xml" xmlpath="../../../simulation_keystone1/env/ccs/import/"/>
      <drivers XML_version="1.2" id="drivers"/>
      <platform XML_version="1.2" id="platform_0">
	  <instance href="cpus\c66xx.xml" desc="TMS320C66x_0" description="" id="device_0" isa="TMS320C66XX" xml="c66xx.xml" xmlpath="..\cpus\" />
          <cpu HW_revision="" XML_version="1.2" desc="TMS320C66x_0" description="" id="device_0" isa="TMS320C66XX">
            <property Type="filepathfield" Value="../../../simulation_keystone1/env/ccs/import/tisimc6xxx_corepac_cx_multi.xml" id="dataFile"/>
            <property Type="filepathfield" Value="../../../simulation_keystone1/env/ccs/import/tisim_init_c6678_cx.gel" id="GEL File"/>
            <property Type="filepathfield" Value="../../../simulation_keystone1/bin/configurations/tisim_c6678_cx.cfg" id="Config File"/>
            <property Type="stringfield" Value="Big Endian" id="Endianness"/>
	</cpu>
	  <instance href="cpus\c66xx.xml" desc="TMS320C66x_1" description="" id="device_1" isa="TMS320C66XX" xml="c66xx.xml" xmlpath="..\cpus\" />
          <cpu HW_revision="" XML_version="1.2" desc="TMS320C66x_1" description="" id="device_1" isa="TMS320C66XX">
            <property Type="filepathfield" Value="../../../simulation_keystone1/env/ccs/import/tisimc6xxx_corepac_cx_multi.xml" id="dataFile"/>
            <property Type="filepathfield" Value="../../../simulation_keystone1/env/ccs/import/tisim_init_c6678_cx.gel" id="GEL File"/>
            <property Type="filepathfield" Value="../../../simulation_keystone1/bin/configurations/tisim_c6678_cx.cfg" id="Config File"/>
            <property Type="stringfield" Value="Big Endian" id="Endianness"/>
	    </cpu>
	  <instance href="cpus\c66xx.xml" desc="TMS320C66x_2" description="" id="device_2" isa="TMS320C66XX" xml="c66xx.xml" xmlpath="..\cpus\" />
          <cpu HW_revision="" XML_version="1.2" desc="TMS320C66x_2" description="" id="device_2" isa="TMS320C66XX">
            <property Type="filepathfield" Value="../../../simulation_keystone1/env/ccs/import/tisimc6xxx_corepac_cx_multi.xml" id="dataFile"/>
            <property Type="filepathfield" Value="../../../simulation_keystone1/env/ccs/import/tisim_init_c6678_cx.gel" id="GEL File"/>
            <property Type="filepathfield" Value="../../../simulation_keystone1/bin/configurations/tisim_c6678_cx.cfg" id="Config File"/>
            <property Type="stringfield" Value="Big Endian" id="Endianness"/>
	    </cpu>
	  <instance href="cpus\c66xx.xml" desc="TMS320C66x_3" description="" id="device_3" isa="TMS320C66XX" xml="c66xx.xml" xmlpath="..\cpus\" />
          <cpu HW_revision="" XML_version="1.2" desc="TMS320C66x_3" description="" id="device_3" isa="TMS320C66XX">
            <property Type="filepathfield" Value="../../../simulation_keystone1/env/ccs/import/tisimc6xxx_corepac_cx_multi.xml" id="dataFile"/>
            <property Type="filepathfield" Value="../../../simulation_keystone1/env/ccs/import/tisim_init_c6678_cx.gel" id="GEL File"/>
            <property Type="filepathfield" Value="../../../simulation_keystone1/bin/configurations/tisim_c6678_cx.cfg" id="Config File"/>
            <property Type="stringfield" Value="Big Endian" id="Endianness"/>
    </cpu>
	  <instance href="cpus\c66xx.xml" desc="TMS320C66x_4" description="" id="device_4" isa="TMS320C66XX" xml="c66xx.xml" xmlpath="..\cpus\" />
              <cpu HW_revision="" XML_version="1.2" desc="TMS320C66x_4" description="" id="device_4" isa="TMS320C66XX">
            <property Type="filepathfield" Value="../../../simulation_keystone1/env/ccs/import/tisimc6xxx_corepac_cx_multi.xml" id="dataFile"/>
            <property Type="filepathfield" Value="../../../simulation_keystone1/env/ccs/import/tisim_init_c6678_cx.gel" id="GEL File"/>
            <property Type="filepathfield" Value="../../../simulation_keystone1/bin/configurations/tisim_c6678_cx.cfg" id="Config File"/>
            <property Type="stringfield" Value="Big Endian" id="Endianness"/>
    </cpu>
	  <instance href="cpus\c66xx.xml" desc="TMS320C66x_5" description="" id="device_5" isa="TMS320C66XX" xml="c66xx.xml" xmlpath="..\cpus\" />
              <cpu HW_revision="" XML_version="1.2" desc="TMS320C66x_5" description="" id="device_5" isa="TMS320C66XX">
            <property Type="filepathfield" Value="../../../simulation_keystone1/env/ccs/import/tisimc6xxx_corepac_cx_multi.xml" id="dataFile"/>
            <property Type="filepathfield" Value="../../../simulation_keystone1/env/ccs/import/tisim_init_c6678_cx.gel" id="GEL File"/>
            <property Type="filepathfield" Value="../../../simulation_keystone1/bin/configurations/tisim_c6678_cx.cfg" id="Config File"/>
            <property Type="stringfield" Value="Big Endian" id="Endianness"/>
    </cpu>
	  <instance href="cpus\c66xx.xml" desc="TMS320C66x_6" description="" id="device_6" isa="TMS320C66XX" xml="c66xx.xml" xmlpath="..\cpus\" />
              <cpu HW_revision="" XML_version="1.2" desc="TMS320C66x_6" description="" id="device_6" isa="TMS320C66XX">
            <property Type="filepathfield" Value="../../../simulation_keystone1/env/ccs/import/tisimc6xxx_corepac_cx_multi.xml" id="dataFile"/>
            <property Type="filepathfield" Value="../../../simulation_keystone1/env/ccs/import/tisim_init_c6678_cx.gel" id="GEL File"/>
            <property Type="filepathfield" Value="../../../simulation_keystone1/bin/configurations/tisim_c6678_cx.cfg" id="Config File"/>
            <property Type="stringfield" Value="Big Endian" id="Endianness"/>
    </cpu>
	  <instance href="cpus\c66xx.xml" desc="TMS320C66x_7" description="" id="device_7" isa="TMS320C66XX" xml="c66xx.xml" xmlpath="..\cpus\" />
              <cpu HW_revision="" XML_version="1.2" desc="TMS320C66x_7" description="" id="device_7" isa="TMS320C66XX">
            <property Type="filepathfield" Value="../../../simulation_keystone1/env/ccs/import/tisimc6xxx_corepac_cx_multi.xml" id="dataFile"/>
            <property Type="filepathfield" Value="../../../simulation_keystone1/env/ccs/import/tisim_init_c6678_cx.gel" id="GEL File"/>
            <property Type="filepathfield" Value="../../../simulation_keystone1/bin/configurations/tisim_c6678_cx.cfg" id="Config File"/>
            <property Type="stringfield" Value="Big Endian" id="Endianness"/>
          </cpu>
      </platform>
    </connection>
  </configuration>

