<?xml version="1.0" encoding="UTF-8" standalone="no" ?>

  <configuration XML_version="1.2" id="configuration_0" description="Simulates the ARM7TDMI core in a cycle accurate manner. Supports a flat memory system. Does not model any peripherals. This configuration is suitable for core level algorithms development and benchmarking without the system effects.">
    <instance XML_version="1.2" href="connections/tisim_connection.xml" id="ARM7TDMI CPU Cycle Accurate Simulator, Little Endian" xml="tisim_connection.xml" xmlpath="connections/"/>
    <connection XML_version="1.2" id="ARM7TDMI CPU Cycle Accurate Simulator, Little Endian">
      <instance XML_version="1.2" href="drivers/tisimarm_unsup.xml" id="drivers" xml="tisimarm_unsup.xml" xmlpath="drivers/"/>
      <drivers XML_version="1.2" id="drivers"/>
      <platform XML_version="1.2" id="platform_0">
        <cpu HW_revision="" XML_version="1.2" desc="TMS470R1x_0" description="" id="device_0" isa="ARM7">
		<property Type="filepathfield" Value="drivers/tisimarm_unsup.xml" id="dataFile"/>
		<property Type="stringfield" Value="Little Endian" id="Endianess"/>
        </cpu>
      </platform>
    </connection>
  </configuration>

