<?xml version="1.0" encoding="UTF-8" standalone="no" ?>

  <configuration XML_version="1.2" id="configuration_0" description="Simulates the C64x+ core and the cache system in a cycle accurate manner. Supports a flat memory system. Does not model any peripherals.  Use this configuration for Megamodule level applications development and benchmarking, for any C64x+ based device. &#xA; Note on other configurations for this processor: &#xA; * Use the device configurations for applications development / benchmarking that involve modules beyond the Megamodule. &#xA; * Use the C64x+ CPU Cycle Accurate simulator for core level algorithm development / benchmarking as this will be faster than the other configurations.">
    <instance XML_version="1.2" href="connections/tisim_connection.xml" id="C64x+ Megamodule Cycle Accurate Simulator, Big Endian" xml="tisim_connection.xml" xmlpath="connections/"/>
    <connection XML_version="1.2" id="C64x+ Megamodule Cycle Accurate Simulator, Big Endian">
      <instance XML_version="1.2" href="drivers/tisim_c6xxx_joule.xml" id="drivers" xml="tisim_c6xxx_joule.xml" xmlpath="drivers/"/>
      <drivers XML_version="1.2" id="drivers"/>
      <platform XML_version="1.2" id="platform_1">
        <cpu HW_revision="" XML_version="1.2" desc="TMS320C64+" description="" id="device_0" isa="TMS320C64XP">
          <property Type="filepathfield" Value="drivers/tisim_c6xxx_joule.xml" id="dataFile"/>
	      <property Type="filepathfield" Value="../../../simulation/env/ccs/import/tisim_c6xxx_joule.gel" id="GEL File"/>
          <property Type="stringfield" Value="C64x+" id="Device" />
		  <property Type="stringfield" Value="Cycle Accurate" id="Simulator Type" />
		  <property Type="stringfield" Value="Enable" id="Simulate Cache" />
		  <property Type="stringfield" Value="C6421" id="Devie Memory Map"/>
          <property Type="stringfield" Value="Big Endian" id="Endianness"/>
        </cpu>
      </platform>
    </connection>
  </configuration>

