<?xml version="1.0" encoding="UTF-8" standalone="no" ?>

  <configuration XML_version="1.2" id="configuration_0" description="Simulates 3 instances of cycle accurate C64x+ core plus the cache system (Symmetric L2), SCR, EDMA3CC, EDMATC(0-5), AIF, frame sync, TCP2, VCP2, McBSP(2), timers(6), Semaphore, EMIFv3 and external memory. Does not model SRIO, I2C, EMAC &amp; ETB. This is a device cycle accurate configuration and hence useful for applications development and benchmarking at the device level. &#xA; Note on other configurations for this processor: &#xA; * For core level algorithm development / benchmarking, it is recommended to use the &quot;C64x+ CPU Cycle Accurate Simulator&quot; for faster simulations than the device configuration. &#xA; * For Megamodule level algorithm development/ benchmarking, it is recommended to use the &quot;C64x+ Megamodule Cycle Accurate Simulator&quot;, as this will be faster than the device simulator.">
    <instance XML_version="1.2" href="connections/tisim_connection.xml" id="C6474 Symmetric Device Cycle Accurate Simulator, Big Endian" xml="tisim_connection.xml" xmlpath="connections/"/>
    <connection XML_version="1.2" id="C6474 Symmetric Device Cycle Accurate Simulator, Big Endian">
      <instance XML_version="1.2" href="drivers/tisimc6xxx_joule_multi_unsup.xml" id="drivers" xml="tisimc6xxx_joule_multi_unsup.xml" xmlpath="drivers/"/>
      <drivers XML_version="1.2" id="drivers"/>
      <platform XML_version="1.2" id="platform_0">
        <device HW_revision="" XML_version="1.2" desc="C6474_0" description="" id="device_0" partnum="TMS0C00">
          <property Type="stringfield" Value="real time" id="Startup Mode"/>
          <cpu HW_revision="" XML_version="1.2" desc="C64+_0" description="" id="device_1" isa="TMS320C64XP">
            <property Type="filepathfield" Value="drivers/tisimc6xxx_joule_multi_unsup.xml" id="dataFile"/>
            <property Type="filepathfield" Value="../../../simulation/unsup/cp_2011_12/env/ccs/import/tisim_init_6474.gel" id="GEL File"/>
            <property Type="filepathfield" Value="../../../simulation/unsup/cp_2011_12/bin/configurations/tisim_c6474_symmetric.cfg" id="Simulator Config File"/>
            <property Type="stringfield" Value="Big Endian" id="Endianess"/>
          </cpu>
          <cpu HW_revision="" XML_version="1.2" desc="C64+_1" description="" id="device_2" isa="TMS320C64XP">
            <property Type="filepathfield" Value="drivers/tisimc6xxx_joule_multi_unsup.xml" id="dataFile"/>
            <property Type="filepathfield" Value="../../../simulation/unsup/cp_2011_12/env/ccs/import/tisim_init_6474.gel" id="GEL File"/>
            <property Type="filepathfield" Value="../../../simulation/unsup/cp_2011_12/bin/configurations/tisim_c6474_symmetric.cfg" id="Simulator Config File"/>
            <property Type="stringfield" Value="Big Endian" id="Endianess"/>
          </cpu>
          <cpu HW_revision="" XML_version="1.2" desc="C64+_2" description="" id="device_3" isa="TMS320C64XP">
            <property Type="filepathfield" Value="drivers/tisimc6xxx_joule_multi_unsup.xml" id="dataFile"/>
            <property Type="filepathfield" Value="../../../simulation/unsup/cp_2011_12/env/ccs/import/tisim_init_6474.gel" id="GEL File"/>
            <property Type="filepathfield" Value="../../../simulation/unsup/cp_2011_12/bin/configurations/tisim_c6474_symmetric.cfg" id="Simulator Config File"/>
            <property Type="stringfield" Value="Big Endian" id="Endianess"/>
          </cpu>
        </device>
      </platform>
    </connection>
  </configuration>

