<?xml version="1.0" encoding="UTF-8" standalone="no" ?>

  <configuration XML_version="1.2" id="configuration_0" description="Simulates 6 instances of cycle accurate C64x+ core plus the cache system, Shared memory controller, EDMA3CC, EDMA3TC(0-3), SCR, Inter-core interrupt, timers(12) and EMIFv3. Does not model TSIP, SRIO, UTOPIA, EMAC &amp; GPIO. This is a cycle accurate device configuration suitable for application development and benchmarking at the device level. &#xA;Note on other configurations available for this processor: &#xA;  For core level or Megamodule level algorithm development or benchmarking, use the C64x+ CPU Cycle Accurate Simulator or C64x+ Megamodule Cycle Accurate Simulator available in &quot;General Setup&quot;. These configurations are much faster than the device level configurations. &#xA;* There is no corresponding device level functional simulator.">
    <instance XML_version="1.2" href="connections/tisim_connection.xml" id="TCI6486 Device Cycle Accurate Simulator, Big Endian" xml="tisim_connection.xml" xmlpath="connections/"/>
    <connection XML_version="1.2" id="TCI6486 Device Cycle Accurate Simulator, Big Endian">
      <instance XML_version="1.2" href="drivers/tisimc6xxx_joule_multi_unsup.xml" id="drivers" xml="tisimc6xxx_joule_multi_unsup.xml" xmlpath="drivers/"/>
      <drivers XML_version="1.2" id="drivers"/>
      <platform XML_version="1.2" id="platform_0">
        <cpu HW_revision="" XML_version="1.2" desc="C64+_0" description="" id="device_0" isa="TMS320C64XP">
          <property Type="filepathfield" Value="drivers/tisimc6xxx_joule_multi_unsup.xml" id="dataFile"/>
          <property Type="filepathfield" Value="../../../simulation/unsup/cp_2011_12/env/ccs/import/tisim_init_6486.gel" id="GEL File"/>
          <property Type="filepathfield" Value="../../../simulation/unsup/cp_2011_12/bin/configurations/tisim_c6486.cfg" id="Simulator Config File"/>
          <property Type="stringfield" Value="Big Endian" id="Endianess"/>
        </cpu>
        <cpu HW_revision="" XML_version="1.2" desc="C64+_1" description="" id="device_1" isa="TMS320C64XP">
          <property Type="filepathfield" Value="drivers/tisimc6xxx_joule_multi_unsup.xml" id="dataFile"/>
          <property Type="filepathfield" Value="../../../simulation/unsup/cp_2011_12/env/ccs/import/tisim_init_6486.gel" id="GEL File"/>
          <property Type="filepathfield" Value="../../../simulation/unsup/cp_2011_12/bin/configurations/tisim_c6486.cfg" id="Simulator Config File"/>
          <property Type="stringfield" Value="Big Endian" id="Endianess"/>
        </cpu>
        <cpu HW_revision="" XML_version="1.2" desc="C64+_2" description="" id="device_2" isa="TMS320C64XP">
          <property Type="filepathfield" Value="drivers/tisimc6xxx_joule_multi_unsup.xml" id="dataFile"/>
          <property Type="filepathfield" Value="../../../simulation/unsup/cp_2011_12/env/ccs/import/tisim_init_6486.gel" id="GEL File"/>
          <property Type="filepathfield" Value="../../../simulation/unsup/cp_2011_12/bin/configurations/tisim_c6486.cfg" id="Simulator Config File"/>
          <property Type="stringfield" Value="Big Endian" id="Endianess"/>
        </cpu>
        <cpu HW_revision="" XML_version="1.2" desc="C64+_3" description="" id="device_3" isa="TMS320C64XP">
          <property Type="filepathfield" Value="drivers/tisimc6xxx_joule_multi_unsup.xml" id="dataFile"/>
          <property Type="filepathfield" Value="../../../simulation/unsup/cp_2011_12/env/ccs/import/tisim_init_6486.gel" id="GEL File"/>
          <property Type="filepathfield" Value="../../../simulation/unsup/cp_2011_12/bin/configurations/tisim_c6486.cfg" id="Simulator Config File"/>
          <property Type="stringfield" Value="Big Endian" id="Endianess"/>
        </cpu>
        <cpu HW_revision="" XML_version="1.2" desc="C64+_4" description="" id="device_4" isa="TMS320C64XP">
          <property Type="filepathfield" Value="drivers/tisimc6xxx_joule_multi_unsup.xml" id="dataFile"/>
          <property Type="filepathfield" Value="../../../simulation/unsup/cp_2011_12/env/ccs/import/tisim_init_6486.gel" id="GEL File"/>
          <property Type="filepathfield" Value="../../../simulation/unsup/cp_2011_12/bin/configurations/tisim_c6486.cfg" id="Simulator Config File"/>
          <property Type="stringfield" Value="Big Endian" id="Endianess"/>
        </cpu>
        <cpu HW_revision="" XML_version="1.2" desc="C64+_5" description="" id="device_5" isa="TMS320C64XP">
          <property Type="filepathfield" Value="drivers/tisimc6xxx_joule_multi_unsup.xml" id="dataFile"/>
          <property Type="filepathfield" Value="../../../simulation/unsup/cp_2011_12/env/ccs/import/tisim_init_6486.gel" id="GEL File"/>
          <property Type="filepathfield" Value="../../../simulation/unsup/cp_2011_12/bin/configurations/tisim_c6486.cfg" id="Simulator Config File"/>
          <property Type="stringfield" Value="Big Endian" id="Endianess"/>
        </cpu>
      </platform>
    </connection>
  </configuration>

