<?xml version="1.0" encoding="UTF-8" standalone="no" ?>

  <configuration XML_version="1.2" id="configuration_0" description="Simulates the C6678 device which includes C66x CorePac(8x), MSMC (Multicore Shared Memory Controller), Inter-processor communication, CPINTC(4x), EDMA(3x), TIMER64(16x), Semaphore2,Semaphore2, DDR3 Memory controller and DDR3 memory, GPIO, Queue-manager Sub-system, SRIO and Network coprocessor (Packet Accelerator, Switch Sub-system), PCIe Sub-system. Does not model Power and Sleep Controller. This configuration is functional (bit accurate) . This configuration is suitable for applications development and understanding the system behavior, but doesn't support cycle accuracy at the device level.">
    <instance XML_version="1.2" href="connections/TISIM_Connection.xml" id="C6678 Device Functional Simulator, Little Endian" xml="TISIM_Connection.xml" xmlpath="connections/"/>
    <connection XML_version="1.2" id="C6678 Device Functional Simulator, Little Endian">
      <instance XML_version="1.2" href="../../../simulation_keystone1/env/ccs/import/tisimc6xxx_corepac_pv_multi.xml" id="drivers" xml="tisimc6xxx_corepac_pv_multi.xml" xmlpath="../../../simulation_keystone1/env/ccs/import/"/>
      <drivers XML_version="1.2" id="drivers"/>
      <platform XML_version="1.2" id="platform_0">
	<instance href="cpus\c66xx.xml" desc="TMS320C66x_0" description="" id="device_0" isa="TMS320C66XX" xml="c66xx.xml" xmlpath="..\cpus\" />
        <cpu HW_revision="" XML_version="1.2" desc="TMS320C66x_0" description="" id="device_0" isa="TMS320C66XX">
          <property Type="filepathfield" Value="../../../simulation_keystone1/env/ccs/import/tisimc6xxx_corepac_pv_multi.xml" id="dataFile"/>
          <property Type="filepathfield" Value="../../../simulation_keystone1/bin/configurations/tisim_c6678_pv.cfg" id="Config File"/>
	  <property Type="filepathfield" Value="../../../simulation_keystone1/env/ccs/import/tisim_init_c6678.gel" id="GEL File"/>
	  <property Type="stringfield" Value="Little Endian" id="Endianness"/>
        </cpu>
	<instance href="cpus\c66xx.xml" desc="TMS320C66x_1" description="" id="device_1" isa="TMS320C66XX" xml="c66xx.xml" xmlpath="..\cpus\" />
        <cpu HW_revision="" XML_version="1.2" desc="TMS320C66x_1" description="" id="device_1" isa="TMS320C66XX">
          <property Type="filepathfield" Value="../../../simulation_keystone1/env/ccs/import/tisimc6xxx_corepac_pv_multi.xml" id="dataFile"/>
          <property Type="filepathfield" Value="../../../simulation_keystone1/bin/configurations/tisim_c6678_pv.cfg" id="Config File"/>
	  <property Type="filepathfield" Value="../../../simulation_keystone1/env/ccs/import/tisim_init_c6678.gel" id="GEL File"/>
          <property Type="stringfield" Value="Little Endian" id="Endianness"/>
        </cpu>
	<instance href="cpus\c66xx.xml" desc="TMS320C66x_2" description="" id="device_2" isa="TMS320C66XX" xml="c66xx.xml" xmlpath="..\cpus\" />
        <cpu HW_revision="" XML_version="1.2" desc="TMS320C66x_2" description="" id="device_2" isa="TMS320C66XX">
          <property Type="filepathfield" Value="../../../simulation_keystone1/env/ccs/import/tisimc6xxx_corepac_pv_multi.xml" id="dataFile"/>
          <property Type="filepathfield" Value="../../../simulation_keystone1/bin/configurations/tisim_c6678_pv.cfg" id="Config File"/>
	  <property Type="filepathfield" Value="../../../simulation_keystone1/env/ccs/import/tisim_init_c6678.gel" id="GEL File"/>
          <property Type="stringfield" Value="Little Endian" id="Endianness"/>
        </cpu>
	<instance href="cpus\c66xx.xml" desc="TMS320C66x_3" description="" id="device_3" isa="TMS320C66XX" xml="c66xx.xml" xmlpath="..\cpus\" />
        <cpu HW_revision="" XML_version="1.2" desc="TMS320C66x_3" description="" id="device_3" isa="TMS320C66XX">
          <property Type="filepathfield" Value="../../../simulation_keystone1/env/ccs/import/tisimc6xxx_corepac_pv_multi.xml" id="dataFile"/>
          <property Type="filepathfield" Value="../../../simulation_keystone1/bin/configurations/tisim_c6678_pv.cfg" id="Config File"/>
	  <property Type="filepathfield" Value="../../../simulation_keystone1/env/ccs/import/tisim_init_c6678.gel" id="GEL File"/>
          <property Type="stringfield" Value="Little Endian" id="Endianness"/>
        </cpu>
	<instance href="cpus\c66xx.xml" desc="TMS320C66x_4" description="" id="device_4" isa="TMS320C66XX" xml="c66xx.xml" xmlpath="..\cpus\" />
       <cpu HW_revision="" XML_version="1.2" desc="TMS320C66x_4" description="" id="device_4" isa="TMS320C66XX">
          <property Type="filepathfield" Value="../../../simulation_keystone1/env/ccs/import/tisimc6xxx_corepac_pv_multi.xml" id="dataFile"/>
          <property Type="filepathfield" Value="../../../simulation_keystone1/bin/configurations/tisim_c6678_pv.cfg" id="Config File"/>
	  <property Type="filepathfield" Value="../../../simulation_keystone1/env/ccs/import/tisim_init_c6678.gel" id="GEL File"/>
	  <property Type="stringfield" Value="Little Endian" id="Endianness"/>
        </cpu>
	<instance href="cpus\c66xx.xml" desc="TMS320C66x_5" description="" id="device_5" isa="TMS320C66XX" xml="c66xx.xml" xmlpath="..\cpus\" />
        <cpu HW_revision="" XML_version="1.2" desc="TMS320C66x_5" description="" id="device_5" isa="TMS320C66XX">
          <property Type="filepathfield" Value="../../../simulation_keystone1/env/ccs/import/tisimc6xxx_corepac_pv_multi.xml" id="dataFile"/>
          <property Type="filepathfield" Value="../../../simulation_keystone1/bin/configurations/tisim_c6678_pv.cfg" id="Config File"/>
	  <property Type="filepathfield" Value="../../../simulation_keystone1/env/ccs/import/tisim_init_c6678.gel" id="GEL File"/>
          <property Type="stringfield" Value="Little Endian" id="Endianness"/>
        </cpu>
	<instance href="cpus\c66xx.xml" desc="TMS320C66x_6" description="" id="device_6" isa="TMS320C66XX" xml="c66xx.xml" xmlpath="..\cpus\" />
        <cpu HW_revision="" XML_version="1.2" desc="TMS320C66x_6" description="" id="device_6" isa="TMS320C66XX">
          <property Type="filepathfield" Value="../../../simulation_keystone1/env/ccs/import/tisimc6xxx_corepac_pv_multi.xml" id="dataFile"/>
          <property Type="filepathfield" Value="../../../simulation_keystone1/bin/configurations/tisim_c6678_pv.cfg" id="Config File"/>
	  <property Type="filepathfield" Value="../../../simulation_keystone1/env/ccs/import/tisim_init_c6678.gel" id="GEL File"/>
          <property Type="stringfield" Value="Little Endian" id="Endianness"/>
        </cpu>
	<instance href="cpus\c66xx.xml" desc="TMS320C66x_7" description="" id="device_7" isa="TMS320C66XX" xml="c66xx.xml" xmlpath="..\cpus\" />
        <cpu HW_revision="" XML_version="1.2" desc="TMS320C66x_7" description="" id="device_7" isa="TMS320C66XX">
          <property Type="filepathfield" Value="../../../simulation_keystone1/env/ccs/import/tisimc6xxx_corepac_pv_multi.xml" id="dataFile"/>
          <property Type="filepathfield" Value="../../../simulation_keystone1/bin/configurations/tisim_c6678_pv.cfg" id="Config File"/>
	  <property Type="filepathfield" Value="../../../simulation_keystone1/env/ccs/import/tisim_init_c6678.gel" id="GEL File"/>
          <property Type="stringfield" Value="Little Endian" id="Endianness"/>
        </cpu>
      </platform>
    </connection>
  </configuration>

