<?xml version="1.0" encoding="UTF-8" standalone="no" ?>

  <configuration XML_version="1.2" id="configuration_0" description="Simulates the C64x+ core, Megamodule(L1P Program cache, L1D Data Cache, L2 Unified Mapped RAM/Cache), SCR, EDMA3CC, EDMA3TC(0-5), Timers(2), RSA, TCP2, VCP2, McBSP(2), DDR2 EMIF, EMIF64 and external memory. Does not model L3ROM, I2C, SRIO, HPI, UTOPIA, Ethernet &amp; GPIO. This device cycle accurate configuration is suitable for application development and benchmarking at the device level. &#xA; Note on other configurations available for this processor: &#xA; * For core level or Megamodule level algorithm development or benchmarking, use the C64x+ CPU Cycle Accurate Simulator or C64x+ Megamodule Cycle Accurate Simulator available in &quot;General Setup&quot;. These configurations are much faster than the device level configurations. &#xA; * There is no corresponding device level functional simulator. ">
    <instance XML_version="1.2" href="connections/tisim_connection.xml" id="TCI6484 Device Cycle Accurate Simulator, Big Endian" xml="tisim_connection.xml" xmlpath="connections/"/>
    <connection XML_version="1.2" id="TCI6484 Device Cycle Accurate Simulator, Big Endian">
      <instance XML_version="1.2" href="drivers/tisim_c6xxx_joule_unsup.xml" id="drivers" xml="tisim_c6xxx_joule_unsup.xml" xmlpath="drivers/"/>
      <drivers XML_version="1.2" id="drivers" />
      <platform XML_version="1.2" id="platform_0">
        <cpu HW_revision="" XML_version="1.2" desc="TMS320C6400_0" description="" id="device_0" isa="TMS320C64XP">
          <property Type="filepathfield" Value="drivers/tisim_c6xxx_joule_unsup.xml" id="dataFile"/>
          <property Type="filepathfield" Value="../../../simulation/unsup/cp_2011_12/env/ccs/import/tisim_tci6484.gel" id="GEL File"/>
          <property Type="stringfield" Value="TCI6484" id="Device" />
		  <property Type="stringfield" Value="Cycle Accurate" id="Simulator Type" />
		  <property Type="stringfield" Value="800" id="CPU Clock(MHz)" />
	  	  <property Type="stringfield" Value="250" id="EMIF Clock(MHz)" />
          <property Type="stringfield" Value="Big Endian" id="Endianness"/>
        </cpu>
      </platform>
    </connection>
  </configuration>

