<?xml version="1.0" encoding="UTF-8" standalone="no" ?>

  <configuration XML_version="1.2" id="configuration_0" description="Simulates the Cortex-M3 core, Memory protection unit, instruction, data &amp; system bus memory interfaces in a cycle accurate manner. Supports systick timer &amp; a flat memory system.No other peripherals are modeled. &#xA; This configuration is cycle accurate and hence suitable for algorithms development &amp; benchmarking. &#xA; Note on other configurations available for this processor: &#xA; * There is a corresponding faster simulator configuration, the functional simulator, that can be used for algorithms development, but doesn&apos;t support cycle accuracy. You can change this &quot;Cycle Accurate&quot; configuration to &quot;Functional&quot; by clicking on the &quot;Advanced&quot; button and modifying the &quot;Simulator Type&quot; to &quot;Functional&quot; in the CPU properties. &#xA; ">
    <instance XML_version="1.2" href="connections/tisim_connection.xml" id="Cortex-M3 Device Cycle Accurate Simulator, Little Endian" xml="tisim_connection.xml" xmlpath="connections/"/>
    <connection XML_version="1.2" id="Cortex-M3 Device Cycle Accurate Simulator, Little Endian">
      <instance XML_version="1.2" href="drivers/tisim_isa_armxx_unsup.xml" id="drivers" xml="tisim_isa_armxx_unsup.xml" xmlpath="drivers/"/>
      <drivers XML_version="1.2" id="drivers"/>
      <platform XML_version="1.2" id="platform_0">
        <cpu HW_revision="" XML_version="1.2" desc="ARMxx_0" description="" id="device_0" isa="Cortex_M3">
          <property Type="filepathfield" Value="drivers/tisim_isa_armxx_unsup.xml" id="dataFile"/>
          <property Type="filepathfield" Value="../../../simulation/unsup/cp_2011_12/env/ccs/import/tisim_armxx.gel" id="GEL File"/>
          <property Type="stringfield" Value="Cortex-M3" id="Device"/>
          <property Type="stringfield" Value="Little Endian" id="Endianness "/>
          <property Type="stringfield" Value="Cycle Accurate" id="Simulator Type"/>
          <property Type="stringfield" Value="Supports 8 Regions" id="Type of MPU"/>
          <property Type="numericfield" Value="8" id="Number of Interrupt Supported"/>
        </cpu>
      </platform>
    </connection>
  </configuration>

